product_url,product_name,brand,star_rating,sale_price,colour,categorie,sous_categorie,pratique
https://decathlon-usa.myshopify.com/products/womens-ski-base-layer-simple-warm-long-johns?adept-product=womens-ski-base-layer-simple-warm-long-johns,100 Base Layer Ski Pants Women's,Wedze,4.4,9.99,Black,Vêtements,T-shirt,Ski
https://decathlon-usa.myshopify.com/products/womens-ski-simple-warm-base-layer?adept-product=womens-ski-simple-warm-base-layer,Thermal Underwear Base Layer Top Women's,Wedze,4.5,8.0,Black,Vêtements,T-shirt,Autres
https://decathlon-usa.myshopify.com/products/100-ski-jacket-mens-144130?adept-product=100-ski-jacket-mens-144130,100 Ski Jacket Men's,Wedze,4.6,30.0,Black,Vêtements,Veste,Ski
https://decathlon-usa.myshopify.com/products/forclaz-trek-500-merino-wool-hiking-hat-adult-302969?adept-product=forclaz-trek-500-merino-wool-hiking-hat-adult-302969,Forclaz Trek 500 Merino Wool Hiking Hat Adult,Forclaz,4.6,24.99,Whale Gray,Accessoires,Divers,Randonnée
https://decathlon-usa.myshopify.com/products/womens-freeride-ski-jacket-fr100?adept-product=womens-freeride-ski-jacket-fr100,Wedze FR100 Freeride Ski Jacket Women's,Wedze,4.5,70.0,Light Gray,Vêtements,Veste,Ski
https://decathlon-usa.myshopify.com/products/forclaz-mt100-hooded-down-puffer-jacket-167571?adept-product=forclaz-mt100-hooded-down-puffer-jacket-167571,Forclaz Men's MT100 Hooded Down Puffer Jacket,Forclaz,4.5,89.99,Black,Vêtements,Veste,Autres
https://decathlon-usa.myshopify.com/products/domyos-100-fitness-cardio-training-t-shirt-mens-302873?adept-product=domyos-100-fitness-cardio-training-t-shirt-mens-302873,Men's Breathable Crew Neck Essential Fitness T-Shirt - Mottled Grey,Domyos,4.6,9.99,Bright Indigo,Vêtements,T-shirt,Fitness
https://decathlon-usa.myshopify.com/products/sun-protect-uv-proof-long-sleeved-running-t-shirt-145846?adept-product=sun-protect-uv-proof-long-sleeved-running-t-shirt-145846,Kalenji Sun Protect UV-Proof Long-Sleeved Running T-Shirt Women's,Kalenji,4.7,15.99,Black,Vêtements,T-shirt,Course à pied
https://decathlon-usa.myshopify.com/products/nature-hiking-backpack-10-l-nh100?adept-product=nature-hiking-backpack-10-l-nh100,Arpenaz NH100 Hiking 10 L Backpack,Quechua,4.7,5.99,Dark Blue,Accessoires,Divers,Randonnée
https://decathlon-usa.myshopify.com/products/mens-cardio-fitness-shorts-fst-100-ss19?adept-product=mens-cardio-fitness-shorts-fst-100-ss19,Domyos 100 Men's Breathable Fitness Shorts,Domyos,4.6,12.99,Black,Vêtements,Bas,Fitness
https://decathlon-usa.myshopify.com/products/running-lightweight-shorts-dry-119678?adept-product=running-lightweight-shorts-dry-119678,Kalenji Men's Running Lightweight Shorts Dry,Kalenji,4.4,13.99,Black,Vêtements,Bas,Course à pied
https://decathlon-usa.myshopify.com/products/mountain-backpacking-waterproof-hat-trek900?adept-product=mountain-backpacking-waterproof-hat-trek900,Trek 900 Waterproof Backpacking Hat,Forclaz,4.5,20.0,Carbon Gray,Accessoires,Divers,Randonnée
https://decathlon-usa.myshopify.com/products/ss100-beginner-basketball-shoes-305328?adept-product=ss100-beginner-basketball-shoes-305328,Tarmak SS100 Beginner Basketball Shoes Kids',Tarmak,4.5,14.99,Black,Chaussures,Chaussures de sport,Autres
https://decathlon-usa.myshopify.com/products/racerback-workout-tank-top-8262?adept-product=racerback-workout-tank-top-8262,Racerback Workout Tank Top Women's,Domyos,4.7,7.99,Black,Vêtements,T-shirt,Autres
https://decathlon-usa.myshopify.com/products/forclaz-trek-500-ventilated-hiking-cap-183271?adept-product=forclaz-trek-500-ventilated-hiking-cap-183271,Forclaz Trek 500 Ventilated Hiking Cap,Forclaz,4.5,16.99,Carbon Gray,Vêtements,Veste,Randonnée
https://decathlon-usa.myshopify.com/products/domyos-120-eco-friendly-fitness-cardio-training-shorts-mens-305836?adept-product=domyos-120-eco-friendly-fitness-cardio-training-shorts-mens-305836,Domyos 120 Fitness Training Shorts Men's,Domyos,4.6,14.99,Black,Vêtements,Bas,Fitness
https://decathlon-usa.myshopify.com/products/cycling-tights-100?adept-product=cycling-tights-100,Btwin 100 Road Cycling Tights Men's,Btwin,4.1,10.0,Black,Vêtements,Bas,Cyclisme
https://decathlon-usa.myshopify.com/products/running-breathable-tight-shorts-dry-black-145824?adept-product=running-breathable-tight-shorts-dry-black-145824,Men's Running Breathable Tight Shorts Dry - black,Kalenji,4.5,14.99,Black,Vêtements,Bas,Course à pied
https://decathlon-usa.myshopify.com/products/womens-gym-and-pilates-slim-fit-stretch-leggings-100-ss19?adept-product=womens-gym-and-pilates-slim-fit-stretch-leggings-100-ss19,Women's Slim-Fit Salto Fitness Leggings 100 - Black,Domyos,4.6,9.99,Gray,Vêtements,Bas,Fitness
https://decathlon-usa.myshopify.com/products/mens-travel-backpacking-merino-wool-t-shirt-travel-100-106265?adept-product=mens-travel-backpacking-merino-wool-t-shirt-travel-100-106265,Men's travel backpacking Merino wool t-shirt - TRAVEL 100 - yellow,Forclaz,4.5,39.99,Whale Gray,Vêtements,T-shirt,Autres
https://decathlon-usa.myshopify.com/products/ekiden-running-socks-adult-3-pack-11690?adept-product=ekiden-running-socks-adult-3-pack-11690,Kiprun Ekiden Running Socks Adult 3-pack,Decathlon,4.5,7.99,Snow White,Accessoires,Divers,Course à pied
https://decathlon-usa.myshopify.com/products/run-dry-long-sleeved-half-zip-running-t-shirt-164655?adept-product=run-dry-long-sleeved-half-zip-running-t-shirt-164655,Run Dry+ Long-Sleeved Half-Zip Running T-Shirt Women's,Kalenji,4.7,21.99,Black,Vêtements,T-shirt,Course à pied
https://decathlon-usa.myshopify.com/products/500-piste-ski-jacket-305791?adept-product=500-piste-ski-jacket-305791,Wedze 500 Piste Ski Jacket Women's,Wedze,4.5,70.0,Black,Vêtements,Veste,Ski
https://decathlon-usa.myshopify.com/products/snowboard-jacket-snb-100-grey-303816?adept-product=snowboard-jacket-snb-100-grey-303816,Men's Snowboard Jacket - SNB 100 Grey,Decathlon,4.7,70.0,Lunar Gray,Vêtements,Veste,Ski
https://decathlon-usa.myshopify.com/products/run-wind-running-sleeveless-wind-jacket-121436?adept-product=run-wind-running-sleeveless-wind-jacket-121436,Kalenji Run Wind Running Sleeveless Wind Jacket Men's,Kalenji,4.6,24.99,Black,Vêtements,T-shirt,Course à pied
https://decathlon-usa.myshopify.com/products/womens-d-ski-jacket-180?adept-product=womens-d-ski-jacket-180,Wedze 180 Ski Jacket Women's,Wedze,4.6,60.0,Black,Vêtements,Veste,Ski
https://decathlon-usa.myshopify.com/products/forclaz-trek-100-polyester-backpacking-liner-gloves-146051?adept-product=forclaz-trek-100-polyester-backpacking-liner-gloves-146051,Trek 100 Polyester Backpacking Liner Gloves,Forclaz,4.5,5.99,Black,Accessoires,Divers,Randonnée
https://decathlon-usa.myshopify.com/products/100-downhill-ski-jacket-306605?adept-product=100-downhill-ski-jacket-306605,Wedze 100 Downhill Ski Jacket Women's,Wedze,4.6,25.0,Black,Vêtements,Veste,Ski
https://decathlon-usa.myshopify.com/products/womens-mountain-hiking-waterproof-jacket-mh100?adept-product=womens-mountain-hiking-waterproof-jacket-mh100,Women's waterproof mountain walking jacket MH100,Quechua,4.7,59.99,Gray,Vêtements,Veste,Randonnée
https://decathlon-usa.myshopify.com/products/mens-ski-underwear-top-i-soft?adept-product=mens-ski-underwear-top-i-soft,Ski 580 I-Soft Thermal Underwear Base Layer Top Men's,Wedze,4.6,30.0,Black,Vêtements,T-shirt,Ski
https://decathlon-usa.myshopify.com/products/run-warm-long-sleeve-running-jersey-152557?adept-product=run-warm-long-sleeve-running-jersey-152557,Kalenji Run Warm Long Sleeve Running Jersey Women's,Kalenji,4.7,19.99,Black,Vêtements,T-shirt,Course à pied
https://decathlon-usa.myshopify.com/products/mountain-backpacking-multiposition-tube-scarf-merino-wool-trek-500-183231?adept-product=mountain-backpacking-multiposition-tube-scarf-merino-wool-trek-500-183231,Forclaz Trek 500 Multiposition Merino Wool Hiking Tube Scarf,Forclaz,4.7,24.99,Whale Gray,Accessoires,Divers,Randonnée
https://decathlon-usa.myshopify.com/products/mens-tennis-dry-shorts-500?adept-product=mens-tennis-dry-shorts-500,Men's Tennis Shorts Essential+ - Navy Blue,Artengo,4.6,14.99,Black,Vêtements,Bas,Sports de raquette
https://decathlon-usa.myshopify.com/products/quechua-raincut-nh100-waterproof-hiking-rain-jacket-5332?adept-product=quechua-raincut-nh100-waterproof-hiking-rain-jacket-5332,Men's Windproof and Water-repellent Hiking Jacket - Raincut 1/2 Zip,Quechua,4.4,16.99,Black,Vêtements,Veste,Randonnée
https://decathlon-usa.myshopify.com/products/quechua-mh120-hiking-fleece-176453?adept-product=quechua-mh120-hiking-fleece-176453,Quechua MH120 Hiking Fleece Men's,Quechua,4.5,29.99,Black,Vêtements,T-shirt,Randonnée
https://decathlon-usa.myshopify.com/products/women-fitness-t-shirt-energy-cardio-basic?adept-product=women-fitness-t-shirt-energy-cardio-basic,Domyos 100 Cardio Workout T-Shirt Women's,Domyos,4.6,9.99,Black,Vêtements,T-shirt,Autres
https://decathlon-usa.myshopify.com/products/run-dry-breathable-short-sleeve-t-shirt-302707?adept-product=run-dry-breathable-short-sleeve-t-shirt-302707,Women's breathable short-sleeved running T-shirt Dry - coral,Kalenji,4.6,10.99,Fluoresent Coral Pink,Vêtements,T-shirt,Course à pied
https://decathlon-usa.myshopify.com/products/womens-gym-slim-fit-shorty-fit-plus-500-ss19?adept-product=womens-gym-slim-fit-shorty-fit-plus-500-ss19,Women's Fitness Slim-Fit Shorts 500 - Black,Domyos,4.6,9.99,Black,Vêtements,Bas,Fitness
https://decathlon-usa.myshopify.com/products/mountain-trekking-polyester-gloves-trek-500?adept-product=mountain-trekking-polyester-gloves-trek-500,Trek 500 Stretch Backpacking Gloves,Forclaz,4.4,19.99,Black,Accessoires,Divers,Randonnée
https://decathlon-usa.myshopify.com/products/womens-mountain-backpacking-uv-protective-hat-trek500?adept-product=womens-mountain-backpacking-uv-protective-hat-trek500,Forclaz Trek500 Anti-UV Hiking Hat Women's,Forclaz,4.6,13.0,Purple,Accessoires,Divers,Randonnée
https://decathlon-usa.myshopify.com/products/forclaz-trek-100-fleece-hiking-tights-12325?adept-product=forclaz-trek-100-fleece-hiking-tights-12325,Forclaz Trek 100 Fleece Hiking Tights Women's,Forclaz,4.5,14.99,Black,Vêtements,T-shirt,Randonnée
https://decathlon-usa.myshopify.com/products/womens-regular-fit-pilates-gentle-gym-sport-t-shirt-500-191337?adept-product=womens-regular-fit-pilates-gentle-gym-sport-t-shirt-500-191337,Nyamba 500 Regular Gym T-Shirt Women's,Domyos,4.6,12.99,Magnolia,Vêtements,T-shirt,Fitness
https://decathlon-usa.myshopify.com/products/forclaz-trek-500-long-sleeved-merino-wool-hiking-t-shirt-301659?adept-product=forclaz-trek-500-long-sleeved-merino-wool-hiking-t-shirt-301659,Forclaz Trek 500 Long Sleeved Merino Wool Hiking T-Shirt Men's,Forclaz,4.6,69.99,Asphalt Blue,Vêtements,T-shirt,Randonnée
https://decathlon-usa.myshopify.com/products/mens-mountain-backpacking-modular-tights-trek-100-306560?adept-product=mens-mountain-backpacking-modular-tights-trek-100-306560,Men's Mountain Trekking Durable 2-in-1 Zip-Off Trousers MT100,Forclaz,4.4,39.99,Carbon Gray,Vêtements,Bas,Randonnée
https://decathlon-usa.myshopify.com/products/womens-gym-and-pilates-t-shirt-sportee?adept-product=womens-gym-and-pilates-t-shirt-sportee,Women's Fitness T-Shirt 100 - White,Domyos,4.5,9.99,Snow White,Vêtements,T-shirt,Fitness
https://decathlon-usa.myshopify.com/products/breathable-running-boxers-121488?adept-product=breathable-running-boxers-121488,Breathable Running Boxers Men's,Kalenji,4.4,8.99,Petrol Blue,Accessoires,Divers,Course à pied
https://decathlon-usa.myshopify.com/products/quechua-mountain-walking-short-sleeved-t-shirt-mh100-172246?adept-product=quechua-mountain-walking-short-sleeved-t-shirt-mh100-172246,Women's Mountain Walking Short-Sleeved T-Shirt MH100,Quechua,4.6,12.99,Pink,Vêtements,T-shirt,Randonnée
https://decathlon-usa.myshopify.com/products/forclaz-synthetic-mountain-backpacking-padded-jacket-mt100-hooded-5-degrees-celcius-312478?adept-product=forclaz-synthetic-mountain-backpacking-padded-jacket-mt100-hooded-5-degrees-celcius-312478,Forclaz Men's MT100 Hooded Synthetic Puffer Jacket,Forclaz,4.5,59.99,Black,Vêtements,Veste,Autres
https://decathlon-usa.myshopify.com/products/womens-training-sweatshirt-120-310546?adept-product=womens-training-sweatshirt-120-310546,Nyamba 100 Crew Neck Fitness Sweatshirt Women's,Domyos,4.6,10.0,Pink,Vêtements,T-shirt,Fitness
https://decathlon-usa.myshopify.com/products/light-support-fitness-sports-bra-100-mottled-grey-184571?adept-product=light-support-fitness-sports-bra-100-mottled-grey-184571,Light Support Fitness Sports Bra 100 - Mottled Grey,Domyos,4.5,11.99,Black,Accessoires,Divers,Fitness
https://decathlon-usa.myshopify.com/products/fitted-fitness-cardio-shorts-black-332731?adept-product=fitted-fitness-cardio-shorts-black-332731,Domyos Women's High Waist Fitted Fitness Shorts,Domyos,4.5,9.99,Black,Vêtements,Bas,Fitness
https://decathlon-usa.myshopify.com/products/cycling-sleeveless-base-layer-500?adept-product=cycling-sleeveless-base-layer-500,Van Rysel Summer Training Cycling Base Layer Men's,Decathlon,4.6,24.99,Snow White,Vêtements,T-shirt,Cyclisme
https://decathlon-usa.myshopify.com/products/running-breathable-long-tights-dry-black-164591?adept-product=running-breathable-long-tights-dry-black-164591,Men's Running Breathable Long Tights Dry - black,Kalenji,4.4,21.99,Black,Vêtements,Bas,Course à pied
https://decathlon-usa.myshopify.com/products/domyos-fti120-fitness-leggings-with-phone-pocket-womens-330283?adept-product=domyos-fti120-fitness-leggings-with-phone-pocket-womens-330283,Fitness Leggings with Phone Pocket,Domyos,4.7,22.99,Black,Vêtements,Bas,Fitness
https://decathlon-usa.myshopify.com/products/adult-football-shirt-essential-blue-118248?adept-product=adult-football-shirt-essential-blue-118248,Adult Football Shirt Essential - Blue,Kipsta,4.5,9.99,Scarlet Red,Vêtements,T-shirt,Autres
https://decathlon-usa.myshopify.com/products/quechua-mh100-hiking-shorts-192397?adept-product=quechua-mh100-hiking-shorts-192397,Quechua MH100 Hiking Shorts Men's,Quechua,4.5,14.99,Charcoal,Vêtements,Bas,Randonnée
https://decathlon-usa.myshopify.com/products/domyos-120-eco-friendly-fitness-pants-mens-312019?adept-product=domyos-120-eco-friendly-fitness-pants-mens-312019,Domyos Essentials Men's Breathable Joggers,Domyos,4.6,24.99,Asphalt Blue,Vêtements,Bas,Autres
https://decathlon-usa.myshopify.com/products/womens-pilates-and-gentle-gym-leggings-regular-fit-500-fit-plus-ss19?adept-product=womens-pilates-and-gentle-gym-leggings-regular-fit-500-fit-plus-ss19,Women's Straight-Cut Fitness Leggings Fit+ 500 - Black,Domyos,4.5,19.99,Black,Vêtements,Bas,Fitness
https://decathlon-usa.myshopify.com/products/quechua-raincut-nh100-waterproof-zip-hiking-rain-jacket-134605?adept-product=quechua-raincut-nh100-waterproof-zip-hiking-rain-jacket-134605,Women's Windproof and Water-repellent Hiking Jacket - Raincut 1/2 Zip,Quechua,4.5,16.99,Dark Petrol Blue,Vêtements,Veste,Randonnée
https://decathlon-usa.myshopify.com/products/nyamba-100-long-sleeved-t-shirt-304476?adept-product=nyamba-100-long-sleeved-t-shirt-304476,Women's Long-Sleeved Fitness T-Shirt 100 - Black,Domyos,4.6,9.99,Snow White,Vêtements,T-shirt,Fitness
https://decathlon-usa.myshopify.com/products/womens-gentle-gym-and-pilates-regular-shorts-fit-plus-500-ss19?adept-product=womens-gentle-gym-and-pilates-regular-shorts-fit-plus-500-ss19,Domyos Fit+ 500 Regular-Fit Shorts Women's,Domyos,4.6,10.0,Black,Vêtements,Bas,Autres
https://decathlon-usa.myshopify.com/products/quechua-mh500-hiking-fleece-302503?adept-product=quechua-mh500-hiking-fleece-302503,Quechua Men's MH500 Hiking Fleece,Quechua,4.5,34.99,Black,Vêtements,T-shirt,Randonnée
https://decathlon-usa.myshopify.com/products/forclaz-trek-500-merino-wool-tights-backpacking-undergarment-301655?adept-product=forclaz-trek-500-merino-wool-tights-backpacking-undergarment-301655,Forclaz Trek 500 Merino Wool Tights Backpacking Undergarment Mens',Forclaz,4.5,64.99,Black,Vêtements,Bas,Randonnée
https://decathlon-usa.myshopify.com/products/forclaz-merino-wool-short-sleeve-backpacking-travel-t-shirt-6455?adept-product=forclaz-merino-wool-short-sleeve-backpacking-travel-t-shirt-6455,Women's Short-Sleeved Merino Wool Trekking Travel T-Shirt - TRAVEL 100 Purple,Forclaz,4.6,39.99,Prune,Vêtements,T-shirt,Randonnée
https://decathlon-usa.myshopify.com/products/forclaz-trek-100-23-f-down-packable-puffer-backpacking-jacket-167572?adept-product=forclaz-trek-100-23-f-down-packable-puffer-backpacking-jacket-167572,Forclaz Women's MT100 Hooded Down Puffer Jacket,Forclaz,4.5,89.99,Asphalt Blue,Vêtements,Veste,Autres
https://decathlon-usa.myshopify.com/products/forclaz-sturdy-mountain-backpacking-pantss-mt500-329107?adept-product=forclaz-sturdy-mountain-backpacking-pantss-mt500-329107,Men's sturdy mountain backpacking pantss - MT500,Forclaz,4.6,49.99,Whale Gray,Vêtements,Bas,Randonnée
https://decathlon-usa.myshopify.com/products/mens-road-cycling-short-sleeved-jersey-essential-312058?adept-product=mens-road-cycling-short-sleeved-jersey-essential-312058,Triban Essential Moisture-Wicking Short Sleeved Road Cycling Jersey Men's,Triban,4.5,16.99,Black,Vêtements,T-shirt,Cyclisme
https://decathlon-usa.myshopify.com/products/run500-x2-invisible-mid-height-running-socks-white-165396?adept-product=run500-x2-invisible-mid-height-running-socks-white-165396,Mid-Height Running Socks Run500 Twin-Pack - White,Decathlon,4.5,5.0,Black,Accessoires,Divers,Course à pied
https://decathlon-usa.myshopify.com/products/quechua-walking-trousers-grey-308281?adept-product=quechua-walking-trousers-grey-308281,Men's Walking Trousers - Grey,Quechua,4.5,24.99,Carbon Gray,Vêtements,Bas,Autres
https://decathlon-usa.myshopify.com/products/triban-rc100-cycling-rain-jacket-306722?adept-product=triban-rc100-cycling-rain-jacket-306722,Triban RC100 Cycling Rain Jacket Men's,Triban,4.4,24.99,Teal Blue,Vêtements,Veste,Cyclisme
https://decathlon-usa.myshopify.com/products/run-dry-running-t-shirt-165511?adept-product=run-dry-running-t-shirt-165511,Kalenji Run Dry+ Running T-Shirt Women's,Kalenji,4.6,7.0,Blue,Vêtements,T-shirt,Course à pied
https://decathlon-usa.myshopify.com/products/run-dry-running-shorts-307926?adept-product=run-dry-running-shorts-307926,Kalenji Run Dry Running Shorts Women's,Kalenji,4.7,13.99,Black,Vêtements,Bas,Course à pied
https://decathlon-usa.myshopify.com/products/mens-backpacking-pants-travel-100-312187?adept-product=mens-backpacking-pants-travel-100-312187,Travel 100 Travel Backpacking Cargo Pants Men's,Forclaz,4.5,59.99,Carbon Gray,Vêtements,Bas,Autres
https://decathlon-usa.myshopify.com/products/mens-regular-fitness-t-shirt-sportee-white-303214?adept-product=mens-regular-fitness-t-shirt-sportee-white-303214,Men's Regular Fitness T-Shirt Sportee - White,Domyos,4.4,9.99,Black,Vêtements,T-shirt,Fitness
https://decathlon-usa.myshopify.com/products/womens-pilates-and-gentle-gym-cycling-shorts-slim-fit-500-fit-plus-ss19?adept-product=womens-pilates-and-gentle-gym-cycling-shorts-slim-fit-500-fit-plus-ss19,Women's Fitness Cycling Shorts 500 - Black,Domyos,4.6,9.99,Black,Vêtements,Bas,Fitness
https://decathlon-usa.myshopify.com/products/mens-regular-training-bottoms-100-307272?adept-product=mens-regular-training-bottoms-100-307272,Men's Warm Fitness Jogging Bottoms 100 - Black,Domyos,4.3,16.99,Black,Vêtements,Bas,Fitness
https://decathlon-usa.myshopify.com/products/forclaz-travel-500-adjustable-hiking-shirt-171880?adept-product=forclaz-travel-500-adjustable-hiking-shirt-171880,Forclaz Travel 500 Adjustable Hiking Shirt Men's,Forclaz,4.5,49.99,Khaki Gray,Vêtements,T-shirt,Randonnée
https://decathlon-usa.myshopify.com/products/womens-pilates-and-gentle-gym-slim-fit-bottoms-510-304018?adept-product=womens-pilates-and-gentle-gym-slim-fit-bottoms-510-304018,Women's Slim Fitness Jogging Bottoms 520 - Navy Blue,Domyos,4.5,15.0,Navy Blue,Vêtements,Bas,Fitness
https://decathlon-usa.myshopify.com/products/mens-hiking-shorts-nh100-fresh-308290?adept-product=mens-hiking-shorts-nh100-fresh-308290,Quechua NH100 Fresh Hiking Shorts Men's,Quechua,4.6,16.99,Carbon Gray,Vêtements,Bas,Randonnée
https://decathlon-usa.myshopify.com/products/forclaz-trek-500-zip-long-sleeved-merino-wool-hiking-t-shirt-301662?adept-product=forclaz-trek-500-zip-long-sleeved-merino-wool-hiking-t-shirt-301662,Forclaz Trek 500 Zip Long Sleeved Merino Wool Hiking T-Shirt Men's,Forclaz,4.6,79.99,Black,Vêtements,T-shirt,Randonnée
https://decathlon-usa.myshopify.com/products/horse-riding-gilet-paddock-warm-12120?adept-product=horse-riding-gilet-paddock-warm-12120,Horse Riding Gilet Paddock Warm,Fouganza,4.7,30.0,Garnet Red,Vêtements,Veste,Equitation
https://decathlon-usa.myshopify.com/products/womens-fitness-and-cardio-printed-tank-top-energy?adept-product=womens-fitness-and-cardio-printed-tank-top-energy,Fitness Cardio Training Tank Top Women's,Domyos,4.6,9.99,Pink,Vêtements,T-shirt,Fitness
https://decathlon-usa.myshopify.com/products/hiking-category-3-polarizing-sunglasses-mh-540?adept-product=hiking-category-3-polarizing-sunglasses-mh-540,MH140 Polarized Category 3 Hiking Sunglasses,Quechua,4.5,29.99,Carbon Gray,Accessoires,Divers,Randonnée
https://decathlon-usa.myshopify.com/products/skincare-breathable-running-t-shirt-100155?adept-product=skincare-breathable-running-t-shirt-100155,Kiprun Skincare Breathable Running T-Shirt Women's,Decathlon,4.6,24.99,Black,Vêtements,T-shirt,Ski
https://decathlon-usa.myshopify.com/products/f100-soccer-shorts-adult-108306?adept-product=f100-soccer-shorts-adult-108306,Kipsta F100 Soccer Shorts Adult,Kipsta,4.5,9.99,Bright Indigo,Vêtements,Bas,Autres
https://decathlon-usa.myshopify.com/products/forclaz-trek-100-womens-light-backpacking-padded-down-jacket-with-hoodie-312532?adept-product=forclaz-trek-100-womens-light-backpacking-padded-down-jacket-with-hoodie-312532,Forclaz Women's MT100 Hooded Synthetic Jacket,Forclaz,4.6,59.99,Gray Blue,Vêtements,Veste,Autres
https://decathlon-usa.myshopify.com/products/100-fitness-cardio-training-loose-fit-shorts-308205?adept-product=100-fitness-cardio-training-loose-fit-shorts-308205,Domyos 100 Fitness Cardio Training Loose-Fit Shorts Women's,Domyos,4.5,9.99,Black,Vêtements,Bas,Fitness
https://decathlon-usa.myshopify.com/products/forclaz-trek-500-merino-wool-backpacking-boxer-shorts-306561?adept-product=forclaz-trek-500-merino-wool-backpacking-boxer-shorts-306561,Men's Mountain Trekking Merino Wool Boxer Shorts MT500,Forclaz,4.3,34.99,Black,Vêtements,Bas,Randonnée
https://decathlon-usa.myshopify.com/products/mens-backpacking-softshell-jacket-windwarm-trek-900-eol?adept-product=mens-backpacking-softshell-jacket-windwarm-trek-900-eol,Windbreaker jacket - softshell - warm - MT500 - men's,Forclaz,4.5,79.99,Black,Vêtements,Veste,Autres
https://decathlon-usa.myshopify.com/products/mens-hiking-nature-shoes-arpenaz-mid-50?adept-product=mens-hiking-nature-shoes-arpenaz-mid-50,Men's Hiking boots - NH100,Quechua,4.3,24.99,Carbon Gray,Chaussures,Chaussures de sport,Randonnée
https://decathlon-usa.myshopify.com/products/football-shorts-essential-black-311852?adept-product=football-shorts-essential-black-311852,Kids' Football Shorts Essential - Black,Kipsta,4.7,8.99,Bright Indigo,Vêtements,Bas,Autres
https://decathlon-usa.myshopify.com/products/womens-hooded-training-jacket-100-302143?adept-product=womens-hooded-training-jacket-100-302143,Nyamba 120 Zippered Fitness Hoodie Women's,Domyos,4.6,19.99,Pink,Vêtements,Veste,Fitness
https://decathlon-usa.myshopify.com/products/btwin-500-city-cycling-rain-overpants-adult-169380?adept-product=btwin-500-city-cycling-rain-overpants-adult-169380,Btwin 500 City Cycling Rain Overpants Adult,Btwin,4.5,39.99,Black,Vêtements,Bas,Cyclisme
https://decathlon-usa.myshopify.com/products/sport-sunglasses-ridge-category-3?adept-product=sport-sunglasses-ridge-category-3,Quechua MH100 Category 3 Hiking Sunglasses,Quechua,4.3,9.99,Black,Accessoires,Divers,Randonnée
https://decathlon-usa.myshopify.com/products/forclaz-trek-100-fleece-backpacking-gloves-193994?adept-product=forclaz-trek-100-fleece-backpacking-gloves-193994,Trek 100 Fleece Backpacking Gloves,Forclaz,4.5,12.99,Black,Vêtements,T-shirt,Randonnée
https://decathlon-usa.myshopify.com/products/mens-hiking-jacket-forclaz-600-light-windproof?adept-product=mens-hiking-jacket-forclaz-600-light-windproof,Forclaz Trek 900 Softshell Hiking Windbreaker Men's,Forclaz,4.5,59.99,Black,Vêtements,Veste,Randonnée
https://decathlon-usa.myshopify.com/products/baggy-trail-running-shorts-329693?adept-product=baggy-trail-running-shorts-329693,WOMEN'S TRAIL RUNNING BAGGY SHORTS - BLACK,Decathlon,4.5,39.99,Black,Vêtements,Bas,Course à pied
https://decathlon-usa.myshopify.com/products/essential-running-bra-310705?adept-product=essential-running-bra-310705,Essential Running Bra Women's,Kalenji,4.4,8.0,Fluoresent Coral Pink,Accessoires,Divers,Course à pied
https://decathlon-usa.myshopify.com/products/quechua-mh100-hiking-fleece-324607?adept-product=quechua-mh100-hiking-fleece-324607,Quechua MH100 Hiking Fleece Women's,Quechua,4.6,19.99,Snow White,Vêtements,T-shirt,Randonnée
https://decathlon-usa.myshopify.com/products/womens-cycling-rain-jacket-300?adept-product=womens-cycling-rain-jacket-300,Triban 100 Cycling Rain Jacket Women's,Triban,4.6,20.0,Fluoresent Coral Pink,Vêtements,Veste,Cyclisme
https://decathlon-usa.myshopify.com/products/mens-regular-fitness-t-shirt-sportee-white-303213?adept-product=mens-regular-fitness-t-shirt-sportee-white-303213,Men's  Regular Fitness T-Shirt Sportee - White,Domyos,4.4,9.99,Snow White,Vêtements,T-shirt,Fitness
https://decathlon-usa.myshopify.com/products/quechua-mh-k140-uv-protection-hiking-sunglasses-kids-330112?adept-product=quechua-mh-k140-uv-protection-hiking-sunglasses-kids-330112,Kids Hiking Sunglasses Aged 4-8 - MH K140 - Category 3,Quechua,4.7,7.0,Deep Indigo,Accessoires,Divers,Randonnée
https://decathlon-usa.myshopify.com/products/womens-pilates-and-gentle-gym-bottoms-slim-fit-500-ss19?adept-product=womens-pilates-and-gentle-gym-bottoms-slim-fit-500-ss19,Women's Slim Fitness Jogging Bottoms 500 - Black,Domyos,4.4,29.99,Gray,Vêtements,Bas,Fitness
https://decathlon-usa.myshopify.com/products/mens-ski-base-layer-top-i-soft?adept-product=mens-ski-base-layer-top-i-soft,Men's Seamless Ski Base Layer Bottom - BL 580 I-Soft - Black/Blue,Wedze,4.5,34.99,Black,Vêtements,T-shirt,Ski
https://decathlon-usa.myshopify.com/products/mountain-trekking-liner-gloves-trek-550?adept-product=mountain-trekking-liner-gloves-trek-550,Adult Mountain Trekking Silk Liner Gloves - MT 500 Black,Forclaz,4.3,16.99,Black,Accessoires,Divers,Randonnée
https://decathlon-usa.myshopify.com/products/forclaz-mt100-down-puffer-vest-169275?adept-product=forclaz-mt100-down-puffer-vest-169275,Forclaz Men's MT100 Down Puffer Vest,Forclaz,4.6,69.99,Asphalt Blue,Vêtements,Veste,Autres
https://decathlon-usa.myshopify.com/products/womens-backpacking-pants-travel100?adept-product=womens-backpacking-pants-travel100,Travel 100 Hiking Pants Women's,Forclaz,4.4,39.99,Carbon Gray,Vêtements,Bas,Randonnée
https://decathlon-usa.myshopify.com/products/quechua-mh120-fleece-hiking-jacket-mens-333908?adept-product=quechua-mh120-fleece-hiking-jacket-mens-333908,Quechua MH120 Fleece Hiking Jacket Men's,Quechua,4.5,29.99,Navy Blue,Vêtements,T-shirt,Randonnée
https://decathlon-usa.myshopify.com/products/510-stretchy-high-waisted-cotton-fitness-leggings-331587?adept-product=510-stretchy-high-waisted-cotton-fitness-leggings-331587,Nyamba 510 Stretchy High-Waisted Cotton Fitness Leggings,Decathlon,4.7,20.0,Deep Purple,Vêtements,Bas,Fitness
https://decathlon-usa.myshopify.com/products/mens-active-running-shoes?adept-product=mens-active-running-shoes,"Active Running Shoes, Men's",Kalenji,4.4,49.99,Dark Blue,Chaussures,Chaussures de sport,Course à pied
https://decathlon-usa.myshopify.com/products/mens-travel-backpacking-shorts-travel-100-312177?adept-product=mens-travel-backpacking-shorts-travel-100-312177,Travel 100 Backpacking Cargo Shorts Men's,Forclaz,4.6,49.99,Carbon Gray,Vêtements,Bas,Autres
https://decathlon-usa.myshopify.com/products/womens-fitness-leggings-with-phone-pocket-plus-size-332484?adept-product=womens-fitness-leggings-with-phone-pocket-plus-size-332484,Fitness Leggings with Phone Pocket (Plus Size),Domyos,4.6,10.0,Bordeaux,Vêtements,Bas,Fitness
https://decathlon-usa.myshopify.com/products/mens-hiking-rain-jacket-nh100-raincut-full-zip-150323?adept-product=mens-hiking-rain-jacket-nh100-raincut-full-zip-150323,Men's Windproof and Water-repellent Hiking Jacket - Raincut Full Zip,Quechua,4.4,24.99,Black,Vêtements,Veste,Randonnée
https://decathlon-usa.myshopify.com/products/mountain-backpacking-rain-cape-arpenaz-40-l?adept-product=mountain-backpacking-rain-cape-arpenaz-40-l,Arpenaz 40 L Hiking Rain Poncho,Forclaz,4.4,29.99,Black,Vêtements,Veste,Randonnée
https://decathlon-usa.myshopify.com/products/domyos-fti100-straight-cut-fitness-leggings-womens-330249?adept-product=domyos-fti100-straight-cut-fitness-leggings-womens-330249,Domyos FTI100 Straight Cut Fitness Leggings Women's,Domyos,4.7,14.99,Black,Vêtements,Bas,Fitness
https://decathlon-usa.myshopify.com/products/quechua-mountain-hiking-waterproof-rain-jacket-mh100-172391?adept-product=quechua-mountain-hiking-waterproof-rain-jacket-mh100-172391,Quechua Men's MH100 Rain Jacket,Quechua,4.6,59.99,Black,Vêtements,Veste,Autres
https://decathlon-usa.myshopify.com/products/f100-soccer-jersey-311861?adept-product=f100-soccer-jersey-311861,Kipsta F100 Soccer Jersey Kids',Kipsta,4.6,8.99,Bright Indigo,Non déterminée,Non déterminée,Autres
https://decathlon-usa.myshopify.com/products/cycling-spring-autumn-gloves-500?adept-product=cycling-spring-autumn-gloves-500,Triban 500 Road Cycling Gloves,Triban,4.5,19.99,Black,Accessoires,Divers,Cyclisme
https://decathlon-usa.myshopify.com/products/mt500-short-sleeve-merino-wool-backpacking-t-shirt-mens-331113?adept-product=mt500-short-sleeve-merino-wool-backpacking-t-shirt-mens-331113,Men's Short-sleeved Merino Wool Trekking T-shirt - MT500,Forclaz,4.5,49.99,Whale Gray,Vêtements,T-shirt,Randonnée
https://decathlon-usa.myshopify.com/products/gentle-yoga-shorts-black-300495?adept-product=gentle-yoga-shorts-black-300495,Men's Gentle Yoga Shorts - Black,Decathlon,4.5,15.0,Dark Gray,Vêtements,Bas,Autres
https://decathlon-usa.myshopify.com/products/run-dry-running-shorts-145838?adept-product=run-dry-running-shorts-145838,Kalenji Run Dry+ Running Shorts Men's,Kalenji,4.5,19.99,Black,Vêtements,Bas,Course à pied
https://decathlon-usa.myshopify.com/products/womens-cycling-shorts-bibless-500?adept-product=womens-cycling-shorts-bibless-500,Triban 500 Padded Moisture-Wicking Cycling Bike Shorts Women's,Triban,4.3,15.0,Black/Pink,Vêtements,Bas,Cyclisme
https://decathlon-usa.myshopify.com/products/breathable-athletic-hoodie-sweatshirt-330172?adept-product=breathable-athletic-hoodie-sweatshirt-330172,Breathable Athletic Hoodie Sweatshirt Men's,Domyos,4.7,24.99,Black,Vêtements,T-shirt,Autres
https://decathlon-usa.myshopify.com/products/mens-mountain-hiking-zip-off-pants-mh150?adept-product=mens-mountain-hiking-zip-off-pants-mh150,Quechua MH150 Convertible Hiking Pants Men's,Quechua,4.4,34.99,Charcoal Gray,Vêtements,Bas,Randonnée
https://decathlon-usa.myshopify.com/products/domyos-fca100-cropped-fitness-pants-womens-330178?adept-product=domyos-fca100-cropped-fitness-pants-womens-330178,Women's Fitness Cardio Cropped Bottoms - Black,Domyos,4.5,14.99,Black,Non déterminée,Non déterminée,Fitness
https://decathlon-usa.myshopify.com/products/backpacking-compact-2-liter-travel-fanny-pack-travel-100-309871?adept-product=backpacking-compact-2-liter-travel-fanny-pack-travel-100-309871,Forclaz Travel 100 Compact 2 L Hiking Fanny Pack,Forclaz,4.5,9.99,Black,Non déterminée,Non déterminée,Randonnée
https://decathlon-usa.myshopify.com/products/gym-pilates-tank-top-141687?adept-product=gym-pilates-tank-top-141687,Women's Gym & Pilates Tank Top,Domyos,4.4,4.99,Black,Vêtements,T-shirt,Fitness
https://decathlon-usa.myshopify.com/products/quechua-hiking-skort-nh500-308169?adept-product=quechua-hiking-skort-nh500-308169,Women's Hiking Skort - NH500,Quechua,4.7,29.99,Carbon Gray,Non déterminée,Non déterminée,Randonnée
https://decathlon-usa.myshopify.com/products/intermediate-basketball-mid-socks-2-pairs-196455?adept-product=intermediate-basketball-mid-socks-2-pairs-196455,Tarmak Intermediate Basketball Mid Socks Kids' 2 Pairs,Tarmak,4.5,6.0,Snow White,Accessoires,Divers,Autres
https://decathlon-usa.myshopify.com/products/500-lightweight-flexible-boxing-shoes-302878?adept-product=500-lightweight-flexible-boxing-shoes-302878,Outshock 500 Lightweight Flexible Boxing Shoes,Outshock,4.6,59.99,Black,Chaussures,Chaussures de sport,Autres
https://decathlon-usa.myshopify.com/products/isa-x-back-one-piece-surf-swimsuit-175572?adept-product=isa-x-back-one-piece-surf-swimsuit-175572,Olaian Isa X-Back One Piece Surf Swimsuit Women's,Olaian,4.6,44.99,Black,Non déterminée,Non déterminée,Autres
https://decathlon-usa.myshopify.com/products/high-support-running-bra-308272?adept-product=high-support-running-bra-308272,High Support Running Bra,Kalenji,4.6,24.99,Magnolia,Accessoires,Divers,Course à pied
https://decathlon-usa.myshopify.com/products/womens-travel-backpacking-adjustable-pants-travel-100-306949?adept-product=womens-travel-backpacking-adjustable-pants-travel-100-306949,Women's Mountain Trekking 2-in-1 Zip-Off Trousers MT100 - grey,Forclaz,4.5,39.99,Carbon Gray,Vêtements,Bas,Randonnée
https://decathlon-usa.myshopify.com/products/mountain-backpacking-liner-gloves-trek-500?adept-product=mountain-backpacking-liner-gloves-trek-500,Trek 500 Seamless Backpacking Liner Gloves,Forclaz,4.4,9.99,Black,Accessoires,Divers,Randonnée
https://decathlon-usa.myshopify.com/products/womens-pilates-and-gentle-gym-slim-fit-leggings-7-8-fit-plus-500-ss19?adept-product=womens-pilates-and-gentle-gym-slim-fit-leggings-7-8-fit-plus-500-ss19,Women's 7/8 Fitness Leggings Fit+ 500 - Black,Domyos,4.5,10.0,Black,Vêtements,Bas,Fitness
https://decathlon-usa.myshopify.com/products/snb-pa-500-snowboarding-and-skiing-pants-188592?adept-product=snb-pa-500-snowboarding-and-skiing-pants-188592,Dreamscape SNB PA 500 Snowboarding and Skiing Pants Women's,Decathlon,4.1,80.0,Black,Vêtements,Veste,Ski
https://decathlon-usa.myshopify.com/products/trail-running-waterproof-jacket-164431?adept-product=trail-running-waterproof-jacket-164431,Evadict Trail Running Waterproof Jacket Men's,Decathlon,4.3,89.99,Black,Vêtements,Veste,Course à pied
https://decathlon-usa.myshopify.com/products/womens-backpacking-3-in-1-jacket-travel-501?adept-product=womens-backpacking-3-in-1-jacket-travel-501,Women's Travel Trekking Waterproof 3-in-1 Jacket Travel 500 -8 degrees Celcius,Forclaz,4.6,149.0,Black,Vêtements,Veste,Randonnée
https://decathlon-usa.myshopify.com/products/womens-gentle-gym-and-pilates-100-cotton-t-shirt-sportee-100?adept-product=womens-gentle-gym-and-pilates-100-cotton-t-shirt-sportee-100,"Nyamba Sportee, Pure Cotton T-Shirt, Women's",Decathlon,4.5,3.0,Gray,Vêtements,T-shirt,Autres
https://decathlon-usa.myshopify.com/products/running-breathable-tank-top-dry-black-169571?adept-product=running-breathable-tank-top-dry-black-169571,Men's Running Breathable Tank Top Dry - Black,Kalenji,4.6,7.99,Black,Vêtements,T-shirt,Course à pied
https://decathlon-usa.myshopify.com/products/womens-hiking-sandals-arpenaz-50?adept-product=womens-hiking-sandals-arpenaz-50,Quechua NH100 Hiking Sandals Women's,Quechua,4.4,24.99,Cardinal Pink,Non déterminée,Non déterminée,Randonnée
https://decathlon-usa.myshopify.com/products/moisture-wicking-fitness-tank-top-womens-324147?adept-product=moisture-wicking-fitness-tank-top-womens-324147,Straight-Cut Fitness Tank Top,Domyos,4.7,9.99,Salmon Pink,Vêtements,T-shirt,Fitness
https://decathlon-usa.myshopify.com/products/womens-nature-hiking-mid-boots-nh100?adept-product=womens-nature-hiking-mid-boots-nh100,Women's Hiking Boots - NH100 Mid,Quechua,4.4,34.99,Granite Green,Chaussures,Chaussures de sport,Randonnée
https://decathlon-usa.myshopify.com/products/quechua-nh100-hiking-sandals-4330?adept-product=quechua-nh100-hiking-sandals-4330,Quechua NH100 Hiking Sandals Men's,Quechua,4.4,24.99,Dark Sand,Non déterminée,Non déterminée,Randonnée
https://decathlon-usa.myshopify.com/products/womens-fitness-cardio-training-2-in-1-shorts-900?adept-product=womens-fitness-cardio-training-2-in-1-shorts-900,Women's 2-in-1 Anti-Chafing Fitness Cardio Shorts - Black,Domyos,4.6,24.99,Black,Vêtements,Bas,Fitness
https://decathlon-usa.myshopify.com/products/7-8-short-stretchy-cotton-fitness-leggings-womens-323770?adept-product=7-8-short-stretchy-cotton-fitness-leggings-womens-323770,510 7/8 Short Stretchy Cotton Fitness Leggings Women's,Domyos,4.5,14.99,Black,Vêtements,Bas,Fitness
https://decathlon-usa.myshopify.com/products/womens-mountain-trekking-jacket-trek-900?adept-product=womens-mountain-trekking-jacket-trek-900,MT900 Backpacking Wind Jacket Women's,Forclaz,4.7,30.0,Black,Vêtements,Veste,Autres
https://decathlon-usa.myshopify.com/products/mens-cycling-shorts-roadc-500-black?adept-product=mens-cycling-shorts-roadc-500-black,Triban Padded Road Cycling & Touring Bike Bib Shorts Men's,Triban,4.2,49.99,Black,Vêtements,Bas,Cyclisme
https://decathlon-usa.myshopify.com/products/showerproof-light-running-jacket-188671?adept-product=showerproof-light-running-jacket-188671,Kiprun Showerproof Light Running Jacket Men's,Decathlon,4.1,54.99,Black,Vêtements,Veste,Course à pied
https://decathlon-usa.myshopify.com/products/zip-pocket-breathable-fitness-shorts-mens-333525?adept-product=zip-pocket-breathable-fitness-shorts-mens-333525,Zip Pocket Breathable Fitness Shorts Men's,Domyos,4.7,24.99,Sage Green,Vêtements,Bas,Fitness
https://decathlon-usa.myshopify.com/products/mens-golf-polo-500?adept-product=mens-golf-polo-500,"Inesis, Short Sleeve Golf Polo Shirt, Men's",Inesis,4.5,10.0,Dark Grey,Vêtements,T-shirt,Autres
https://decathlon-usa.myshopify.com/products/quechua-raincut-nh100-waterproof-zip-hiking-rain-jacket-134585?adept-product=quechua-raincut-nh100-waterproof-zip-hiking-rain-jacket-134585,Women's Windproof and Water-repellent Hiking Jacket - Raincut Full Zip,Quechua,4.5,24.99,White,Vêtements,Veste,Randonnée
https://decathlon-usa.myshopify.com/products/run-light-running-tank-top-152553?adept-product=run-light-running-tank-top-152553,Kalenji Run Light Running Tank Top Women's,Kalenji,4.7,10.0,Carbon Gray,Vêtements,T-shirt,Course à pied
https://decathlon-usa.myshopify.com/products/womens-cardio-fitness-sauna-belt?adept-product=womens-cardio-fitness-sauna-belt,Cardio Fitness Sauna Belt - Black,Domyos,4.3,5.0,Black,Non déterminée,Non déterminée,Fitness
https://decathlon-usa.myshopify.com/products/quechua-nh500-hiking-boots-301763?adept-product=quechua-nh500-hiking-boots-301763,NH500 Hiking Boots Men's,Quechua,4.4,59.99,Hazelnut,Chaussures,Chaussures de sport,Randonnée
https://decathlon-usa.myshopify.com/products/forclaz-mt500-down-puffer-jacket-12077?adept-product=forclaz-mt500-down-puffer-jacket-12077,Forclaz Men's MT500 Down Puffer Jacket,Forclaz,4.4,100.0,Brown,Vêtements,Veste,Autres
https://decathlon-usa.myshopify.com/products/btwin-uc100-waterproof-city-bike-poncho-302833?adept-product=btwin-uc100-waterproof-city-bike-poncho-302833,Btwin Compact Cycling Rain Poncho,Btwin,4.2,29.99,Black,Vêtements,Veste,Cyclisme
https://decathlon-usa.myshopify.com/products/run-active-grip-running-shoes-100260?adept-product=run-active-grip-running-shoes-100260,Kalenji Run Active Grip Running Shoes Women's,Kalenji,4.5,49.99,Abyss Gray,Chaussures,Chaussures de sport,Course à pied
https://decathlon-usa.myshopify.com/products/f500-soccer-socks-303496?adept-product=f500-soccer-socks-303496,Kipsta F500 Soccer Socks,Kipsta,4.5,7.99,Black,Accessoires,Divers,Autres
https://decathlon-usa.myshopify.com/products/f500-soccer-socks-309733?adept-product=f500-soccer-socks-309733,Kipsta F500 Soccer Socks Kids',Kipsta,4.6,3.99,Bright Indigo,Accessoires,Divers,Autres
https://decathlon-usa.myshopify.com/products/cycling-and-running-sunglasses-arenberg-category-3?adept-product=cycling-and-running-sunglasses-arenberg-category-3,Rockrider ST100 MTB Sunglasses Category 3 Adult,Rockrider,4.5,7.99,Black,Accessoires,Divers,Autres
https://decathlon-usa.myshopify.com/products/900-ski-socks-157793?adept-product=900-ski-socks-157793,900 Ski Socks,Wedze,4.6,17.0,Black,Accessoires,Divers,Ski
https://decathlon-usa.myshopify.com/products/inesis-golf-cap-306993?adept-product=inesis-golf-cap-306993,Inesis Golf Cap,Inesis,4.5,9.99,Black,Vêtements,Veste,Autres
https://decathlon-usa.myshopify.com/products/domyos-cotton-yoga-shorts-308823?adept-product=domyos-cotton-yoga-shorts-308823,Domyos Cotton Yoga Shorts Women's,Decathlon,4.7,13.99,Black,Vêtements,Bas,Autres
https://decathlon-usa.myshopify.com/products/long-sleeve-cotton-fitness-t-shirt-mens-332877?adept-product=long-sleeve-cotton-fitness-t-shirt-mens-332877,Men's Long-Sleeved Fitness T-Shirt 100 - Black,Domyos,4.4,12.99,Black,Vêtements,T-shirt,Fitness
https://decathlon-usa.myshopify.com/products/womens-slim-fit-pilates-gentle-gym-sport-leggings-520-blue-print-311168?adept-product=womens-slim-fit-pilates-gentle-gym-sport-leggings-520-blue-print-311168,Nyamba 520 Slim-Fit Pilates Leggings Women's,Domyos,4.5,20.0,Blue,Vêtements,Bas,Autres
https://decathlon-usa.myshopify.com/products/essential-breathable-crew-neck-fitness-t-shirt-mens-306602?adept-product=essential-breathable-crew-neck-fitness-t-shirt-mens-306602,Men's Fitness Breathable Essential Crew Neck T-Shirt - Mauve,Domyos,4.7,12.99,Khaki,Vêtements,T-shirt,Fitness
https://decathlon-usa.myshopify.com/products/womens-fitness-cardio-training-cropped-bottoms-100?adept-product=womens-fitness-cardio-training-cropped-bottoms-100,Domyos 100 Fitness Cardio Training Cropped Leggings Women's,Domyos,4.5,8.0,Black,Vêtements,Bas,Fitness
https://decathlon-usa.myshopify.com/products/mens-fitness-walking-shoes-mesh-soft-140-123330?adept-product=mens-fitness-walking-shoes-mesh-soft-140-123330,"Newfeel Soft 140, Mesh Fitness Walking Shoes, Men's",Newfeel,4.5,29.99,Black,Chaussures,Chaussures de sport,Fitness
https://decathlon-usa.myshopify.com/products/hendaia-short-boardshorts-163572?adept-product=hendaia-short-boardshorts-163572,Hendaia Short Boardshorts - NT Turquoise,Olaian,4.5,8.0,Aquamarine,Vêtements,Bas,Autres
https://decathlon-usa.myshopify.com/products/high-visibility-vest-uc-500-yellow?adept-product=high-visibility-vest-uc-500-yellow,Btwin 500 High Visibility Vest,Btwin,4.7,9.99,Fluoresent Yellow,Vêtements,Veste,Autres
https://decathlon-usa.myshopify.com/products/mens-run-cushion-running-shoe-165446?adept-product=mens-run-cushion-running-shoe-165446,"Kalenji Run Cushion, Running Shoe, Men's",Kalenji,4.2,34.99,Black,Non déterminée,Non déterminée,Course à pied
https://decathlon-usa.myshopify.com/products/mens-hiking-waterproof-shoes-mh100?adept-product=mens-hiking-waterproof-shoes-mh100,Quechua MH100 Waterproof Hiking Shoes Men's,Quechua,4.3,69.99,Carbon Gray,Chaussures,Chaussures de sport,Randonnée
https://decathlon-usa.myshopify.com/products/trail-running-tight-shorts-307931?adept-product=trail-running-tight-shorts-307931,Evadict Trail Running Tight-Shorts Men's,Decathlon,4.5,20.0,Black,Vêtements,Bas,Course à pied
https://decathlon-usa.myshopify.com/products/athletic-socks-2-pairs-11691?adept-product=athletic-socks-2-pairs-11691,Athletic Socks Kids' 2 Pairs,Decathlon,4.5,2.0,Black,Accessoires,Divers,Autres
https://decathlon-usa.myshopify.com/products/slim-fit-cotton-jogging-pants-mens-332545?adept-product=slim-fit-cotton-jogging-pants-mens-332545,Men's Slim Fitness Jogging Bottoms 500 - Grey,Domyos,4.4,29.99,Stone,Vêtements,Bas,Fitness
https://decathlon-usa.myshopify.com/products/inesis-rainy-weather-golf-pants-307802?adept-product=inesis-rainy-weather-golf-pants-307802,Inesis Rainy Weather Golf Pants Women's,Inesis,4.5,79.99,Navy Blue,Vêtements,Bas,Autres
https://decathlon-usa.myshopify.com/products/inesis-mw500-sleeveless-down-puffer-golf-jacket-328775?adept-product=inesis-mw500-sleeveless-down-puffer-golf-jacket-328775,Inesis Ultralight Down Golf Packable Puffer Vest Men's,Inesis,4.4,64.99,Black,Vêtements,Veste,Autres
https://decathlon-usa.myshopify.com/products/seamless-yoga-sports-bra-302430?adept-product=seamless-yoga-sports-bra-302430,Kimjaly Seamless Yoga Sports Bra,Decathlon,4.4,26.99,Black,Accessoires,Divers,Autres
https://decathlon-usa.myshopify.com/products/womens-hiking-tank-top-techwool-210?adept-product=womens-hiking-tank-top-techwool-210,Forclaz Trek 500 Merino Wool Hiking Tank Top Women's,Forclaz,4.6,39.99,Black,Vêtements,T-shirt,Randonnée
https://decathlon-usa.myshopify.com/products/mens-cycling-short-sleeved-base-layer-100?adept-product=mens-cycling-short-sleeved-base-layer-100,Van Rysel Essential Cycling Base Layer Men's,Decathlon,4.4,10.0,Snow White,Vêtements,T-shirt,Cyclisme
https://decathlon-usa.myshopify.com/products/seamless-7-8-dynamic-yoga-leggings-312225?adept-product=seamless-7-8-dynamic-yoga-leggings-312225,Seamless 7/8 Dynamic Yoga Leggings Women's,Decathlon,4.4,20.0,Dark Gray,Vêtements,Bas,Autres
https://decathlon-usa.myshopify.com/products/short-sleeve-zip-trail-running-t-shirt-301884?adept-product=short-sleeve-zip-trail-running-t-shirt-301884,Short Sleeve Zip Trail Running T-Shirt Women's,Decathlon,4.6,34.99,Deep Teal,Vêtements,T-shirt,Course à pied
https://decathlon-usa.myshopify.com/products/quechua-mh120-fleece-hiking-vest-12483?adept-product=quechua-mh120-fleece-hiking-vest-12483,Quechua MH120 Fleece Hiking Vest Men's,Quechua,4.6,24.99,Black,Vêtements,T-shirt,Randonnée
https://decathlon-usa.myshopify.com/products/womens-hiking-pants-arpenaz-500?adept-product=womens-hiking-pants-arpenaz-500,Forclaz Travel 100 Zip-Off Hiking Pants Women's,Forclaz,4.4,39.99,Navy Blue,Vêtements,Bas,Randonnée
https://decathlon-usa.myshopify.com/products/pilates-and-gentle-gym-non-slip-ballet-socks-ss19?adept-product=pilates-and-gentle-gym-non-slip-ballet-socks-ss19,Women's Non-Slip Cotton Ballet Fitness Socks 500 - Black,Domyos,4.5,9.99,Black,Accessoires,Divers,Fitness
https://decathlon-usa.myshopify.com/products/adult-soccer-shorts-f500-2019?adept-product=adult-soccer-shorts-f500-2019,"Kipsta F500, Soccer Shorts, Adult",Kipsta,4.6,14.99,Black,Vêtements,Bas,Autres
https://decathlon-usa.myshopify.com/products/breathable-fitness-collection-bottoms-337323?adept-product=breathable-fitness-collection-bottoms-337323,Men's Breathable Fitness Collection Bottoms,Domyos,4.6,39.99,Black,Non déterminée,Non déterminée,Fitness
https://decathlon-usa.myshopify.com/products/womens-fitness-cardio-training-zip-up-sports-bra-100?adept-product=womens-fitness-cardio-training-zip-up-sports-bra-100,"Domyos 100, Cardio Workout Sports Bra",Domyos,4.5,11.99,Gray,Accessoires,Divers,Autres
https://decathlon-usa.myshopify.com/products/first-heat-beanie?adept-product=first-heat-beanie,Wedze Firstheat Beanie Ski Hat,Wedze,4.6,3.0,Black,Accessoires,Divers,Ski
https://decathlon-usa.myshopify.com/products/strength-training-resistance-band-glute-band-327622?adept-product=strength-training-resistance-band-glute-band-327622,Domyos Glute Resistance Band,Domyos,4.6,5.0,Carbon Gray,Non déterminée,Non déterminée,Autres
https://decathlon-usa.myshopify.com/products/womens-cycling-tank-top-500?adept-product=womens-cycling-tank-top-500,Triban 500 Cycling Tank Top Women's,Triban,4.5,24.99,Navy Blue,Vêtements,T-shirt,Cyclisme
https://decathlon-usa.myshopify.com/products/inesis-grip-waterproof-golf-shoes-303101?adept-product=inesis-grip-waterproof-golf-shoes-303101,Inesis Men's Waterproof Grip Golf Shoes,Inesis,4.4,79.99,Snow White,Chaussures,Chaussures de sport,Autres
https://decathlon-usa.myshopify.com/products/domyos-non-slip-yoga-toe-socks-adult-305089?adept-product=domyos-non-slip-yoga-toe-socks-adult-305089,Domyos Non-Slip Yoga Toe Socks Adult,Decathlon,4.3,9.99,Gray Blue,Accessoires,Divers,Autres
https://decathlon-usa.myshopify.com/products/womens-mountain-hiking-waterproof-shoes-mh100?adept-product=womens-mountain-hiking-waterproof-shoes-mh100,Women's waterproof mountain walking boots MH100 – Blue/Plum,Quechua,4.4,69.99,Green Gray,Chaussures,Chaussures de sport,Randonnée
https://decathlon-usa.myshopify.com/products/football-socks-f100-indigo-blue-141413?adept-product=football-socks-f100-indigo-blue-141413,Kids' Football Socks F100 - Indigo Blue,Kipsta,4.4,4.99,Snow White,Accessoires,Divers,Autres
https://decathlon-usa.myshopify.com/products/quechua-hiking-lightweight-waterproof-jacket-mh500-301681?adept-product=quechua-hiking-lightweight-waterproof-jacket-mh500-301681,Quechua MH500 Waterproof Hiking Jacket Men's,Quechua,4.6,129.0,Carbon Gray,Vêtements,Veste,Randonnée
https://decathlon-usa.myshopify.com/products/forclaz-mt50-synthetic-jacket-138645?adept-product=forclaz-mt50-synthetic-jacket-138645,Forclaz Men's MT50 Synthetic Jacket,Forclaz,4.5,29.99,Black,Vêtements,Veste,Autres
https://decathlon-usa.myshopify.com/products/run-rain-running-rain-jacket-169538?adept-product=run-rain-running-rain-jacket-169538,Kalenji Women's Running Rain Jacket,Kalenji,4.6,30.0,White,Vêtements,Veste,Course à pied
https://decathlon-usa.myshopify.com/products/forclaz-trek-500-merino-backpacking-tights-womens?adept-product=forclaz-trek-500-merino-backpacking-tights-womens,Forclaz Trek 500 Merino Wool Backpacking Tights Women's,Forclaz,4.4,69.99,Black,Vêtements,Bas,Randonnée
https://decathlon-usa.myshopify.com/products/trek-500-modular-hiking-pants-mens-329140?adept-product=trek-500-modular-hiking-pants-mens-329140,Men's MT500 2-in-1 modular and durable backpacking pantss,Forclaz,4.6,45.0,Carbon Gray,Vêtements,Bas,Autres
https://decathlon-usa.myshopify.com/products/womens-slim-fit-pilates-gentle-gym-sport-t-shirt-500-8354?adept-product=womens-slim-fit-pilates-gentle-gym-sport-t-shirt-500-8354,"Nyamba 500, Pilates and Gentle Gym Slim-Fit T-Shirt, Women's",Decathlon,4.6,5.0,Pink,Vêtements,T-shirt,Fitness
https://decathlon-usa.myshopify.com/products/kokoon-adjustable-front-zip-sports-running-bra-304996?adept-product=kokoon-adjustable-front-zip-sports-running-bra-304996,Kalenji Kokoon Adjustable Front Zip Sports Running Bra,Kalenji,4.2,30.0,Black,Accessoires,Divers,Course à pied
https://decathlon-usa.myshopify.com/products/fitness-bag-20-l-331321?adept-product=fitness-bag-20-l-331321,Fitness Bag 20L - Pink,Domyos,4.6,19.99,Pink,Non déterminée,Non déterminée,Fitness
https://decathlon-usa.myshopify.com/products/breathable-slim-fit-workout-t-shirt-womens-324182?adept-product=breathable-slim-fit-workout-t-shirt-womens-324182,Women's Fitted Fitness Cardio T-Shirt - Dark Blue,Domyos,4.6,12.99,Dark Blue,Vêtements,T-shirt,Fitness
https://decathlon-usa.myshopify.com/products/quechua-mh100-hiking-waterproof-shoes-307814?adept-product=quechua-mh100-hiking-waterproof-shoes-307814,Quechua MH100 Hiking Waterproof Shoes Men's,Quechua,4.4,79.99,Black,Chaussures,Chaussures de sport,Randonnée
https://decathlon-usa.myshopify.com/products/mens-travel-backpacking-pants-travel-100-324122?adept-product=mens-travel-backpacking-pants-travel-100-324122,Men's Travel Trekking Zip-Off Cargo Trousers - Travel 100 Zip-Off - khaki,Forclaz,4.6,79.99,Khaki Brown,Vêtements,Bas,Randonnée
https://decathlon-usa.myshopify.com/products/triban-essential-bibless-padded-road-cycling-shorts-mens-306701?adept-product=triban-essential-bibless-padded-road-cycling-shorts-mens-306701,Triban Essential Bibless Padded Road Cycling Shorts Men's,Triban,4.4,16.99,Black,Vêtements,Bas,Cyclisme
https://decathlon-usa.myshopify.com/products/forclaz-travel-100-merino-wool-backpacking-t-shirt-womens-5173?adept-product=forclaz-travel-100-merino-wool-backpacking-t-shirt-womens-5173,Forclaz Travel 100 Merino Wool Backpacking T-Shirt Women's,Forclaz,4.6,49.99,Prune,Vêtements,T-shirt,Autres
https://decathlon-usa.myshopify.com/products/womens-ski-base-layer-bottoms-i-soft?adept-product=womens-ski-base-layer-bottoms-i-soft,Women's Seamless Ski Base Layer Bottom - BL 580 I-Soft - Black/Purple,Wedze,4.6,29.99,Black,Vêtements,T-shirt,Ski
https://decathlon-usa.myshopify.com/products/womens-cropped-tennis-bottoms-dry-900-300411?adept-product=womens-cropped-tennis-bottoms-dry-900-300411,Artengo Dry 900 Cropped Tennis Pants Women's,Artengo,4.7,29.99,Black,Vêtements,Bas,Sports de raquette
https://decathlon-usa.myshopify.com/products/two-tone-leggings-304667?adept-product=two-tone-leggings-304667,Two Tone Leggings Women's,Simond,4.6,25.0,Bordeaux,Vêtements,Bas,Autres
https://decathlon-usa.myshopify.com/products/forclaz-trek-500-merino-wool-hiking-t-shirt-womens-327360?adept-product=forclaz-trek-500-merino-wool-hiking-t-shirt-womens-327360,Women's Merino Wool Short-sleeved Trekking T-shirt MT500,Forclaz,4.6,49.99,Deep Chocolate Truffle,Vêtements,T-shirt,Randonnée
https://decathlon-usa.myshopify.com/products/domyos-900-fitness-cardio-training-zip-up-sports-bra-womens-323708?adept-product=domyos-900-fitness-cardio-training-zip-up-sports-bra-womens-323708,High-Support Zip-Front Fitness Bra 920 - Black,Domyos,4.4,20.0,Black,Accessoires,Divers,Fitness
https://decathlon-usa.myshopify.com/products/nh150-hiking-10-l-backpack-325104?adept-product=nh150-hiking-10-l-backpack-325104,Quechua NH150 Escape Square 10L Hiking Backpack,Quechua,4.7,29.99,Blue,Vêtements,Veste,Randonnée
https://decathlon-usa.myshopify.com/products/forclaz-mt50-synthetic-puffer-jacket-138625?adept-product=forclaz-mt50-synthetic-puffer-jacket-138625,Forclaz Women's MT50 Synthetic Puffer Jacket,Forclaz,4.6,29.99,Navy Blue,Vêtements,Veste,Autres
https://decathlon-usa.myshopify.com/products/forclaz-merino-wool-travel-backpacking-tank-top-womens-324361?adept-product=forclaz-merino-wool-travel-backpacking-tank-top-womens-324361,Forclaz Merino Wool Travel Backpacking Tank Top Women's,Forclaz,4.7,39.99,Yellow Ochre,Vêtements,T-shirt,Autres
https://decathlon-usa.myshopify.com/products/pilates-mini-elastic-bands-three-pack-ss19?adept-product=pilates-mini-elastic-bands-three-pack-ss19,Fitness Elastic Bands Tri-Pack (5-6-7 kg) - Grey/Burgundy/Black,Domyos,3.9,8.99,Deep Petrol Blue,Non déterminée,Non déterminée,Fitness
https://decathlon-usa.myshopify.com/products/domyos-cotton-yoga-pants-300506?adept-product=domyos-cotton-yoga-pants-300506,Domyos Cotton Yoga Pants Men's,Decathlon,4.4,20.0,Black,Vêtements,Bas,Autres
https://decathlon-usa.myshopify.com/products/womens-pilates-and-gentle-gym-leggings-slim-fit-500-fit-plus-ss19?adept-product=womens-pilates-and-gentle-gym-leggings-slim-fit-500-fit-plus-ss19,Women's Slim-Fit Fitness Leggings Fit+ 500 - Black,Domyos,4.5,10.0,Black,Vêtements,Bas,Fitness
https://decathlon-usa.myshopify.com/products/long-sleeve-trail-running-jersey-301895?adept-product=long-sleeve-trail-running-jersey-301895,Evadict Long Sleeve Trail Running Jersey Women's,Decathlon,4.7,20.0,Black,Vêtements,T-shirt,Course à pied
https://decathlon-usa.myshopify.com/products/mens-fitness-shorts-500-essentials-black-332643?adept-product=mens-fitness-shorts-500-essentials-black-332643,Men's  Fitness Shorts 500 Essentials - Black,Domyos,4.6,16.99,Black,Vêtements,Bas,Fitness
https://decathlon-usa.myshopify.com/products/essentials-cotton-soft-fitness-hoodie-332650?adept-product=essentials-cotton-soft-fitness-hoodie-332650,Men's Fitness Hoodie 500 Essentials - Blue/Black,Domyos,4.7,34.99,Asphalt Blue,Vêtements,Veste,Fitness
https://decathlon-usa.myshopify.com/products/run-dry-running-tight-shorts-307922?adept-product=run-dry-running-tight-shorts-307922,Kalenji Run Dry Running Tight Shorts Women's,Kalenji,4.6,14.99,Black,Vêtements,Bas,Course à pied
https://decathlon-usa.myshopify.com/products/road-cycling-jacket-ultra-light-long-sleeved-windproof?adept-product=road-cycling-jacket-ultra-light-long-sleeved-windproof,Van Rysel Ultra-Light Windproof Road Cycling Jacket Men's,Decathlon,4.5,39.99,Fluoresent Lime Yellow,Vêtements,Veste,Cyclisme
https://decathlon-usa.myshopify.com/products/run-dry-running-tank-top-145849?adept-product=run-dry-running-tank-top-145849,Kalenji Run Dry+ Running Tank Top Men's,Kalenji,4.5,14.99,Black,Vêtements,T-shirt,Course à pied
https://decathlon-usa.myshopify.com/products/inesis-golf-polo-shirt-143646?adept-product=inesis-golf-polo-shirt-143646,Inesis Golf Polo Shirt Women's,Inesis,4.5,10.0,Asphalt Blue,Vêtements,T-shirt,Autres
https://decathlon-usa.myshopify.com/products/womens-mountain-trekking-zip-off-trousers-trek-700?adept-product=womens-mountain-trekking-zip-off-trousers-trek-700,"Forclaz Trek 500, Waterproof Hiking Jacket, Women's",Forclaz,4.4,90.0,Cardinal Pink,Vêtements,Veste,Randonnée
https://decathlon-usa.myshopify.com/products/climbing-stretch-jeans-309354?adept-product=climbing-stretch-jeans-309354,Simond Climbing Stretch Jeans Men's,Simond,3.6,69.99,Galaxy Blue,Non déterminée,Non déterminée,Autres
https://decathlon-usa.myshopify.com/products/womens-high-waisted-fitness-cycling-shorts-333343?adept-product=womens-high-waisted-fitness-cycling-shorts-333343,High-Waisted Fitness Cycling Shorts Women's,Domyos,4.6,9.99,Black,Vêtements,Bas,Fitness
https://decathlon-usa.myshopify.com/products/gentle-gym-and-pilates-slim-fit-t-shirt-500-8354?adept-product=gentle-gym-and-pilates-slim-fit-t-shirt-500-8354,Nyamba 500 Pilates and Gentle Gym Slim-Fit T-Shirt Women's,Decathlon,4.6,5.0,Pink,Vêtements,T-shirt,Fitness
https://decathlon-usa.myshopify.com/products/adult-football-socks-essential-blue-141410?adept-product=adult-football-socks-essential-blue-141410,Adult Football Socks Essential - Blue,Kipsta,4.3,5.99,Snow White,Accessoires,Divers,Autres
https://decathlon-usa.myshopify.com/products/inesis-ultralight-down-golf-packable-puffer-vest-328754?adept-product=inesis-ultralight-down-golf-packable-puffer-vest-328754,Inesis Ultralight Down Golf Packable Puffer Vest Women's,Inesis,4.5,45.0,Asphalt Blue,Vêtements,Veste,Autres
https://decathlon-usa.myshopify.com/products/menswear-hiking-shorts-nh500-fresh-308273?adept-product=menswear-hiking-shorts-nh500-fresh-308273,Quechua NH500 Fresh Hiking Shorts Men's,Quechua,4.4,20.0,Carbon Gray,Vêtements,Bas,Randonnée
https://decathlon-usa.myshopify.com/products/500-silicone-swim-cap-10883?adept-product=500-silicone-swim-cap-10883,Silicone Swim Cap TERM BLACK,Nabaiji,4.2,5.0,Snow White,Vêtements,Veste,Autres
https://decathlon-usa.myshopify.com/products/womens-3-in-1-jacket-rainwarm-900?adept-product=womens-3-in-1-jacket-rainwarm-900,Women's waterproof 3in1 travel backpacking jacket - Travel 700 -10° - Black,Forclaz,4.6,150.0,Black,Vêtements,Veste,Autres
https://decathlon-usa.myshopify.com/products/super-soft-and-warm-hoodie-333518?adept-product=super-soft-and-warm-hoodie-333518,Domyos Essentials Men's Super Soft and Warm Hoodie,Domyos,4.6,34.99,Linen,Vêtements,Veste,Autres
https://decathlon-usa.myshopify.com/products/breathable-crew-neck-fitness-t-shirt-mens-334388?adept-product=breathable-crew-neck-fitness-t-shirt-mens-334388,Men's Crew Neck Breathable Fitness T-Shirt - Beige,Domyos,4.6,19.99,Black,Vêtements,T-shirt,Fitness
https://decathlon-usa.myshopify.com/products/backpacking-cap-travel-100-302963?adept-product=backpacking-cap-travel-100-302963,Travel 100 Hiking Cap,Forclaz,4.6,12.99,Asphalt Blue,Vêtements,Veste,Randonnée
https://decathlon-usa.myshopify.com/products/domyos-yoga-pants-159714?adept-product=domyos-yoga-pants-159714,Domyos Yoga Pants Men's,Decathlon,4.5,30.0,Dark Gray,Vêtements,Bas,Autres
https://decathlon-usa.myshopify.com/products/adult-ski-fleece-balaclava-black-10988?adept-product=adult-ski-fleece-balaclava-black-10988,ADULT SKI FLEECE BALACLAVA - BLACK,Wedze,4.4,7.99,Black,Vêtements,T-shirt,Ski
https://decathlon-usa.myshopify.com/products/mens-en1150-rain-jacket-rc120-visible-311375?adept-product=mens-en1150-rain-jacket-rc120-visible-311375,Triban RC120 Visible Road Cycling Jacket Men's,Triban,4.6,49.99,Fluoresent Yellow Green,Vêtements,Veste,Cyclisme
https://decathlon-usa.myshopify.com/products/mens-cycling-rainproof-jacket-rc500?adept-product=mens-cycling-rainproof-jacket-rc500,Triban RC500 Rainproof Cycling Jacket Men's,Triban,4.2,89.99,Navy Blue,Vêtements,Veste,Cyclisme
https://decathlon-usa.myshopify.com/products/forclaz-mt900-hooded-down-puffer-jacket-144206?adept-product=forclaz-mt900-hooded-down-puffer-jacket-144206,Forclaz Men's MT900 Hooded Down Puffer Jacket,Forclaz,4.4,189.0,Carbon Gray,Vêtements,Veste,Autres
https://decathlon-usa.myshopify.com/products/boys-gym-t-shirt-short-sleeved-recycled-100-white-8516223?adept-product=boys-gym-t-shirt-short-sleeved-recycled-100-white-8516223,Kids' Unisex Cotton T-Shirt - White,Domyos,4.5,3.0,Snow White,Vêtements,T-shirt,Autres
https://decathlon-usa.myshopify.com/products/100-short-sleeved-gym-t-shirt-303741?adept-product=100-short-sleeved-gym-t-shirt-303741,Domyos 100 Short-Sleeved Gym T-Shirt Kids',Domyos,4.5,3.0,Navy Blue,Vêtements,T-shirt,Fitness
https://decathlon-usa.myshopify.com/products/womens-cardio-fitness-cropped-bottoms-120-311518?adept-product=womens-cardio-fitness-cropped-bottoms-120-311518,Women's Fitness Cardio High-Waist Cropped Bottoms - Marl Grey,Domyos,4.7,16.99,Gray,Non déterminée,Non déterminée,Fitness
https://decathlon-usa.myshopify.com/products/comfort-running-bra-302407?adept-product=comfort-running-bra-302407,Kalenji Comfort Running Bra Women's,Kalenji,4.5,15.0,Black/Gray,Accessoires,Divers,Course à pied
https://decathlon-usa.myshopify.com/products/womens-bibless-cycling-shorts-100?adept-product=womens-bibless-cycling-shorts-100,Triban 100 Padded Bibless Moisture Wicking Cycling Bike Shorts Women's,Triban,4.2,14.99,Black,Vêtements,Bas,Cyclisme
https://decathlon-usa.myshopify.com/products/quechua-sh100-x-warm-waterproof-mid-hiking-boots-mens-307054?adept-product=quechua-sh100-x-warm-waterproof-mid-hiking-boots-mens-307054,SH100 X-Warm Waterproof Hiking Boots Men's,Quechua,4.6,50.0,Dark Cinnamon,Chaussures,Chaussures de sport,Randonnée
https://decathlon-usa.myshopify.com/products/womens-pilates-and-gentle-gym-slim-fit-cropped-bottoms-500-fit-plus-ss19?adept-product=womens-pilates-and-gentle-gym-slim-fit-cropped-bottoms-500-fit-plus-ss19,Women's Fitness Slim-Fit Cropped Bottoms Fit+ 500 - Black,Domyos,4.5,10.0,Black,Non déterminée,Non déterminée,Fitness
https://decathlon-usa.myshopify.com/products/extendable-lockable-pull-up-bar-374-to-472-long-325843?adept-product=extendable-lockable-pull-up-bar-374-to-472-long-325843,"Extendable & Lockable Pull-Up Bar (37.4"" to 47.2"" long)",Decathlon,4.5,49.99,Unspecified,Non déterminée,Non déterminée,Autres
https://decathlon-usa.myshopify.com/products/quechua-nh120-leather-hiking-sandals-mens-324804?adept-product=quechua-nh120-leather-hiking-sandals-mens-324804,Quechua NH120 Leather Hiking Sandals Men's,Quechua,4.5,59.99,Deep Shale,Non déterminée,Non déterminée,Randonnée
https://decathlon-usa.myshopify.com/products/travel-backpacking-cap-travel500?adept-product=travel-backpacking-cap-travel500,Forclaz Trek 500 Compact Hiking Cap,Forclaz,4.5,10.0,Carbon Gray,Vêtements,Veste,Randonnée
https://decathlon-usa.myshopify.com/products/comfort-pilates-mat-size-m-15-mm-500-ss19?adept-product=comfort-pilates-mat-size-m-15-mm-500-ss19,"Nyamba Comfort Pilates Mat 71"" x 24"" x 15 mm",Domyos,4.7,30.0,Purple,Non déterminée,Non déterminée,Autres
https://decathlon-usa.myshopify.com/products/forclaz-travel-trekking-waterproof-3-in-1-jacket-travel-100-0-degrees-celcius-white-324287?adept-product=forclaz-travel-trekking-waterproof-3-in-1-jacket-travel-100-0-degrees-celcius-white-324287,Women's Travel Trekking Waterproof 3-in-1 Jacket - Travel 100 0 degrees Celcius White,Forclaz,4.6,60.0,Lunar Gray,Vêtements,Veste,Randonnée
https://decathlon-usa.myshopify.com/products/moderate-support-cropped-fitness-sports-bra-womens-332206?adept-product=moderate-support-cropped-fitness-sports-bra-womens-332206,Moderate Support Cropped Fitness Sports Bra 540 - Black,Domyos,4.5,24.99,Black,Accessoires,Divers,Fitness
https://decathlon-usa.myshopify.com/products/soft-140-mesh-city-walking-shoes-144066?adept-product=soft-140-mesh-city-walking-shoes-144066,Soft 140 Mesh City Walking Shoes Women's,Newfeel,4.6,20.0,Black,Chaussures,Chaussures de sport,Autres
https://decathlon-usa.myshopify.com/products/essentials-collection-cotton-blend-fitness-shorts-mens-332643?adept-product=essentials-collection-cotton-blend-fitness-shorts-mens-332643,Men's Fitness Shorts 500 Essentials - Grey,Domyos,4.6,16.99,Black,Vêtements,Bas,Fitness
https://decathlon-usa.myshopify.com/products/quechua-sh100-x-warm-waterproof-snow-hiking-jacket-166211?adept-product=quechua-sh100-x-warm-waterproof-snow-hiking-jacket-166211,Quechua SH100 X-Warm Waterproof Snow Hiking Jacket Men's,Quechua,4.6,45.0,Carbon Gray,Vêtements,Veste,Randonnée
https://decathlon-usa.myshopify.com/products/gym-fold-down-barrel-bag?adept-product=gym-fold-down-barrel-bag,Domyos 30 L Fold-Down Fitness Bag,Domyos,4.6,12.99,Black,Non déterminée,Non déterminée,Fitness
https://decathlon-usa.myshopify.com/products/domyos-100-7-8-length-fitness-leggings-womens-330255?adept-product=domyos-100-7-8-length-fitness-leggings-womens-330255,Women's Fitness Cardio Cropped Leggings - Black,Domyos,4.6,14.99,Black,Vêtements,Bas,Fitness
https://decathlon-usa.myshopify.com/products/domyos-ballet-tights-girls-182091?adept-product=domyos-ballet-tights-girls-182091,Domyos Ballet Tights Girls',Decathlon,4.4,4.0,Cinnamon,Vêtements,Bas,Autres
https://decathlon-usa.myshopify.com/products/mens-gym-and-pilates-hooded-jacket-920?adept-product=mens-gym-and-pilates-hooded-jacket-920,Domyos 500 Hooded Training Jacket Men's,Domyos,4.6,29.99,Black,Vêtements,Veste,Autres
https://decathlon-usa.myshopify.com/products/trail-running-comfort-tight-shorts-168232?adept-product=trail-running-comfort-tight-shorts-168232,Evadict Trail Running Comfort Tight-Shorts Men's,Decathlon,4.4,20.0,Black,Vêtements,Bas,Course à pied
https://decathlon-usa.myshopify.com/products/quechua-mh150-waterproof-hiking-jacket-mens-309604?adept-product=quechua-mh150-waterproof-hiking-jacket-mens-309604,Men's Hiking Lightweight Waterproof Jacket MH150,Quechua,4.4,79.99,Asphalt Blue,Vêtements,Veste,Randonnée
https://decathlon-usa.myshopify.com/products/loose-fitness-super-soft-sweatshirt-333215?adept-product=loose-fitness-super-soft-sweatshirt-333215,Women's Loose Fitness Super Soft Sweatshirt,Domyos,4.6,24.99,Abyss Gray,Vêtements,T-shirt,Fitness
https://decathlon-usa.myshopify.com/products/quechua-nh550-fresh-cotton-blend-hiking-t-shirt-302544?adept-product=quechua-nh550-fresh-cotton-blend-hiking-t-shirt-302544,NH550 Fresh Hiking T-Shirt Men's,Quechua,4.7,20.0,Khaki Brown,Vêtements,T-shirt,Randonnée
https://decathlon-usa.myshopify.com/products/womens-cotton-pilates-gentle-gym-sports-bra-black-309915?adept-product=womens-cotton-pilates-gentle-gym-sports-bra-black-309915,Domyos 100 Cotton Sports Bra Women's,Domyos,4.4,9.99,Gray,Accessoires,Divers,Autres
https://decathlon-usa.myshopify.com/products/travel-500-convertible-hiking-pants-mens-311160?adept-product=travel-500-convertible-hiking-pants-mens-311160,Travel 500 Convertible Hiking Pants Men's,Forclaz,4.6,40.0,Carbon Gray,Vêtements,Bas,Randonnée
https://decathlon-usa.myshopify.com/products/mens-gym-stretching-bottoms-skinny-fit-zip-500-ss19?adept-product=mens-gym-stretching-bottoms-skinny-fit-zip-500-ss19,Nyamba 500 Skinny Jogging Pants Men's,Domyos,4.5,20.0,Black,Vêtements,Bas,Ski
https://decathlon-usa.myshopify.com/products/inesis-golf-pants-304029?adept-product=inesis-golf-pants-304029,Inesis Golf Pants Women's,Inesis,4.5,34.99,Black,Vêtements,Bas,Autres
https://decathlon-usa.myshopify.com/products/womens-cycling-short-sleeved-jersey-100?adept-product=womens-cycling-short-sleeved-jersey-100,Triban 100 Short Sleeved Moisture-Wicking Cycling Jersey Women's,Triban,4.5,10.0,Fluoresent Coral Pink,Vêtements,T-shirt,Cyclisme
https://decathlon-usa.myshopify.com/products/forclaz-travel-trekking-heavy-duty-leggings-travel-500-black-307216?adept-product=forclaz-travel-trekking-heavy-duty-leggings-travel-500-black-307216,Women's Travel Trekking Heavy-Duty Leggings Travel 500 - black,Forclaz,4.7,40.0,Dark Green,Vêtements,Bas,Randonnée
https://decathlon-usa.myshopify.com/products/quechua-nh100-hybrid-hiking-sweatshirt-12089?adept-product=quechua-nh100-hybrid-hiking-sweatshirt-12089,Quechua NH100 Hybrid Hiking Sweatshirt Women's,Quechua,4.7,44.99,Pewter,Vêtements,T-shirt,Randonnée
https://decathlon-usa.myshopify.com/products/womens-cardio-fitness-crop-top-900?adept-product=womens-cardio-fitness-crop-top-900,Long-Sleeved Cropped Fitness Cardio T-Shirt - Black,Domyos,4.7,29.99,Black,Vêtements,T-shirt,Fitness
https://decathlon-usa.myshopify.com/products/keepdry-500-long-sleeve-soccer-base-layer-top-195072?adept-product=keepdry-500-long-sleeve-soccer-base-layer-top-195072,Keepdry 500 Long Sleeve Soccer Base Layer Top Adult,Kipsta,4.6,19.99,Snow White,Vêtements,T-shirt,Autres
https://decathlon-usa.myshopify.com/products/100-thin-silicone-swim-cap-10882?adept-product=100-thin-silicone-swim-cap-10882,Nabaiji 100 Thin Silicone Swim Cap,Nabaiji,4.1,4.99,Gray,Vêtements,Veste,Autres
https://decathlon-usa.myshopify.com/products/waterproof-fishing-jacket-500-grey-118190?adept-product=waterproof-fishing-jacket-500-grey-118190,Waterproof fishing jacket 500 Grey,Caperlan,4.6,99.99,Dark Gray,Vêtements,Veste,Autres
https://decathlon-usa.myshopify.com/products/d5072plus-gym-bottoms?adept-product=d5072plus-gym-bottoms,Nyamba 500 Slim Jogging Pants Men's,Domyos,4.5,29.99,Dark Gray,Vêtements,Bas,Autres
https://decathlon-usa.myshopify.com/products/forclaz-windproof-jacket-softshell-merino-warm-mt900-302018?adept-product=forclaz-windproof-jacket-softshell-merino-warm-mt900-302018,Men's Windproof Jacket - Softshell - Merino Warm - MT900,Forclaz,4.5,119.0,Asphalt Blue,Vêtements,Veste,Autres
https://decathlon-usa.myshopify.com/products/trek-500-merino-wool-bra-324119?adept-product=trek-500-merino-wool-bra-324119,Trek 500 Merino Wool Bra,Forclaz,4.3,49.99,Black,Accessoires,Divers,Randonnée
https://decathlon-usa.myshopify.com/products/mountain-backpacking-fingerless-mittens-trek-500-166391?adept-product=mountain-backpacking-fingerless-mittens-trek-500-166391,Trek 500 Warm Windproof Backpacking Glove-Mittens,Forclaz,4.4,29.99,Black,Accessoires,Divers,Randonnée
https://decathlon-usa.myshopify.com/products/loose-fitness-crop-t-shirt-black-313275?adept-product=loose-fitness-crop-t-shirt-black-313275,Loose Fitness Crop T-Shirt - Black,Domyos,4.7,10.0,Black,Vêtements,T-shirt,Fitness
https://decathlon-usa.myshopify.com/products/cotton-crew-neck-tank-top-mens-335335?adept-product=cotton-crew-neck-tank-top-mens-335335,Men's Stretchy Fitness Tank Top 500 - Black,Domyos,4.7,11.99,Black,Vêtements,T-shirt,Fitness
https://decathlon-usa.myshopify.com/products/inesis-mild-weather-zip-neck-cotton-golf-sweater-307202?adept-product=inesis-mild-weather-zip-neck-cotton-golf-sweater-307202,Inesis Mild Weather Zip Neck Cotton Golf Sweater Women's,Inesis,4.7,49.99,Asphalt Blue,Non déterminée,Non déterminée,Autres
https://decathlon-usa.myshopify.com/products/kd500-running-shoes-301532?adept-product=kd500-running-shoes-301532,Kiprun KD500 Running Shoes Women's,Decathlon,4.4,89.99,Whale Gray,Chaussures,Chaussures de sport,Course à pied
https://decathlon-usa.myshopify.com/products/mens-pilates-and-gentle-gym-regular-fit-sport-t-shirt-500-311044?adept-product=mens-pilates-and-gentle-gym-regular-fit-sport-t-shirt-500-311044,Nyamba 500 Stretch Cotton Fitness T-Shirt Men's,Domyos,4.6,8.0,Snow White,Vêtements,T-shirt,Fitness
https://decathlon-usa.myshopify.com/products/mens-hiking-cap-501?adept-product=mens-hiking-cap-501,Travel 500 Hiking Cap,Forclaz,4.6,19.99,Coffee,Vêtements,Veste,Randonnée
https://decathlon-usa.myshopify.com/products/road-cycling-long-sleeved-jersey-en1150-rc500-visible-306966?adept-product=road-cycling-long-sleeved-jersey-en1150-rc500-visible-306966,Triban RC500 Long Sleeved Visibility Road Cycling Jersey Men's,Triban,4.5,30.0,Fluoresent Yellow Green,Vêtements,T-shirt,Cyclisme
https://decathlon-usa.myshopify.com/products/inesis-mild-weather-golf-shorts-305517?adept-product=inesis-mild-weather-golf-shorts-305517,Inesis Mild Weather Golf Shorts Men's,Inesis,4.6,24.99,Asphalt Blue,Vêtements,Bas,Autres
https://decathlon-usa.myshopify.com/products/gym-and-pilates-mat-fitness-520?adept-product=gym-and-pilates-mat-fitness-520,Nyamba Foldable Shoe-Resistant Floor Mat 63 inch x 24 inch x 8 mm,Domyos,4.3,10.0,Fuchsia,Non déterminée,Non déterminée,Autres
https://decathlon-usa.myshopify.com/products/quechua-hiking-fleece-gilet-mh120-12490?adept-product=quechua-hiking-fleece-gilet-mh120-12490,Women's Hiking Fleece Gilet - MH120,Quechua,4.6,24.99,Black,Vêtements,T-shirt,Randonnée
https://decathlon-usa.myshopify.com/products/rc500-en1150-hi-vis-super-roubaix-warm-cycling-bib-tights-306135?adept-product=rc500-en1150-hi-vis-super-roubaix-warm-cycling-bib-tights-306135,Triban RC500 EN1150 High Visibility Super Roubaix Warm Cycling Bib Tights Men',Triban,4.3,40.0,Black,Vêtements,Bas,Cyclisme
https://decathlon-usa.myshopify.com/products/womens-sport-cycling-quick-zip-bib-shorts-307839?adept-product=womens-sport-cycling-quick-zip-bib-shorts-307839,Van Rysel Quick-Zip Sport Cycling Bib Shorts Women's,Decathlon,4.3,69.99,Black,Vêtements,Bas,Cyclisme
https://decathlon-usa.myshopify.com/products/womens-ballet-34-sleeve-leotard?adept-product=womens-ballet-34-sleeve-leotard,Women's Ballet 3/4-Sleeve Leotard,Domyos,4.1,5.0,Black,Vêtements,T-shirt,Autres
https://decathlon-usa.myshopify.com/products/travel-100-32-degree-fahrenheit-waterproof-3-in-1-backpacking-jacket-mens-324152?adept-product=travel-100-32-degree-fahrenheit-waterproof-3-in-1-backpacking-jacket-mens-324152,Men's 3-in-1 Waterproof Travel Trekking Jacket Travel 100 0 degrees Celcius - Grey,Forclaz,4.5,89.99,Carbon Gray,Vêtements,Veste,Randonnée
https://decathlon-usa.myshopify.com/products/inesis-waterproof-golf-rain-jacket-186518?adept-product=inesis-waterproof-golf-rain-jacket-186518,Inesis Waterproof Golf Rain Jacket Women's,Inesis,4.5,79.99,Navy Blue,Vêtements,Veste,Autres
https://decathlon-usa.myshopify.com/products/baby-gym-jacket-120-306421?adept-product=baby-gym-jacket-120-306421,Baby Gym Jacket 120,Domyos,4.7,10.0,Dark Gray,Vêtements,Veste,Fitness
https://decathlon-usa.myshopify.com/products/running-high-ankle-comfort-socks-2-pack?adept-product=running-high-ankle-comfort-socks-2-pack,Sock Comfort Mid x2,Decathlon,4.5,5.0,Black,Non déterminée,Non déterminée,Autres
https://decathlon-usa.myshopify.com/products/womens-hiking-waterproof-snow-boots-sh100?adept-product=womens-hiking-waterproof-snow-boots-sh100,Quechua SH100 Warm Waterproof Mid Snow Hiking Boots Women's,Quechua,4.4,20.0,Steel Gray,Chaussures,Chaussures de sport,Randonnée
https://decathlon-usa.myshopify.com/products/520-sport-leggings-311146?adept-product=520-sport-leggings-311146,Nyamba 520 Sport Leggings Women's,Decathlon,4.5,20.0,Black,Vêtements,Bas,Autres
https://decathlon-usa.myshopify.com/products/seamless-athletic-gloves-15619?adept-product=seamless-athletic-gloves-15619,Kalenji Seamless Athletic Gloves Kids',Kalenji,4.6,3.0,Black,Accessoires,Divers,Autres
https://decathlon-usa.myshopify.com/products/comfort-climbing-t-shirt-161772?adept-product=comfort-climbing-t-shirt-161772,Simond Comfort Climbing T-Shirt Men's,Simond,4.6,10.0,Jungle Green,Vêtements,T-shirt,Autres
https://decathlon-usa.myshopify.com/products/triban-en1150-standard-windbreaker-cycling-vest-womens-324631?adept-product=triban-en1150-standard-windbreaker-cycling-vest-womens-324631,Triban EN1150 Windbreaker Visibility Cycling Vest Women's,Decathlon,4.6,25.0,Fluoresent Yellow Green,Vêtements,Veste,Cyclisme
https://decathlon-usa.myshopify.com/products/inesis-warm-golf-down-vest-186527?adept-product=inesis-warm-golf-down-vest-186527,Inesis Warm Golf Down Vest Men's,Inesis,4.7,45.0,Asphalt Blue,Vêtements,Veste,Autres
https://decathlon-usa.myshopify.com/products/dynamic-yoga-leggings-332859?adept-product=dynamic-yoga-leggings-332859,Dynamic Yoga Leggings,Decathlon,5.0,40.0,Black,Vêtements,Bas,Autres
https://decathlon-usa.myshopify.com/products/girls-gym-shorts-breathable-w500-ss19?adept-product=girls-gym-shorts-breathable-w500-ss19,Domyos W500 Breathable Gym Shorts Kids',Domyos,4.7,10.0,Black,Vêtements,Bas,Fitness
https://decathlon-usa.myshopify.com/products/mens-fitness-walking-shoes-mesh-soft-140-123331?adept-product=mens-fitness-walking-shoes-mesh-soft-140-123331,Newfeel Soft 140 Mesh Fitness Walking Shoes Men's,Newfeel,4.5,29.99,Black,Chaussures,Chaussures de sport,Fitness
https://decathlon-usa.myshopify.com/products/girls-gym-t-shirt-short-sleeved-100-white?adept-product=girls-gym-t-shirt-short-sleeved-100-white,Domyos 100 Short-Sleeved Gym T-Shirt Kids',Domyos,4.6,3.0,Snow White,Vêtements,T-shirt,Fitness
https://decathlon-usa.myshopify.com/products/mens-mountain-backpacking-anti-uv-hat-trek-500-302975?adept-product=mens-mountain-backpacking-anti-uv-hat-trek-500-302975,Men's Anti-UV Hat - Khaki,Forclaz,4.5,29.99,Dark Ivy Green,Accessoires,Divers,Autres
https://decathlon-usa.myshopify.com/products/womens-mountain-backpacking-merino-wool-pants-trek-500-306971?adept-product=womens-mountain-backpacking-merino-wool-pants-trek-500-306971,Forclaz Trek 500 Merino Wool Backpacking Underwear Women's,Forclaz,4.6,29.99,Black,Accessoires,Divers,Randonnée
https://decathlon-usa.myshopify.com/products/kids-safety-vest?adept-product=kids-safety-vest,Btwin Visibility Safety Vest Kids',Btwin,4.7,9.99,Fluoresent Yellow,Vêtements,Veste,Autres
https://decathlon-usa.myshopify.com/products/inesis-synthetic-down-golf-puffer-vest-186525?adept-product=inesis-synthetic-down-golf-puffer-vest-186525,Inesis Synthetic Down Golf Puffer Vest Women's,Inesis,4.6,40.0,Asphalt Blue,Vêtements,Veste,Autres
https://decathlon-usa.myshopify.com/products/womens-nature-hiking-shorts-nh500?adept-product=womens-nature-hiking-shorts-nh500,Quechua NH500 Fresh Hiking Shorts Women's,Quechua,4.7,15.0,Khaki Gray,Vêtements,Bas,Randonnée
https://decathlon-usa.myshopify.com/products/120-7-8-length-cardio-fitness-leggings-300595?adept-product=120-7-8-length-cardio-fitness-leggings-300595,Domyos 120 7/8-Length Cardio Fitness Leggings Women's,Domyos,4.7,15.0,Gray,Vêtements,Bas,Fitness
https://decathlon-usa.myshopify.com/products/domyos-cotton-cropped-yoga-pants-308769?adept-product=domyos-cotton-cropped-yoga-pants-308769,Domyos Cotton Cropped Yoga Pants Women's,Decathlon,4.7,17.99,Black,Vêtements,Bas,Autres
https://decathlon-usa.myshopify.com/products/f500-soccer-shorts-adult-118265?adept-product=f500-soccer-shorts-adult-118265,Kipsta F500 Soccer Shorts Adult,Kipsta,4.6,14.99,Black,Vêtements,Bas,Autres
https://decathlon-usa.myshopify.com/products/cycling-bibless-shorts-500?adept-product=cycling-bibless-shorts-500,Triban RC100 Bibless Road Cycling Shorts Men's,Triban,4.2,20.0,Black,Vêtements,Bas,Cyclisme
https://decathlon-usa.myshopify.com/products/womens-demi-pointe-ballet-shoes-leather-ss19?adept-product=womens-demi-pointe-ballet-shoes-leather-ss19,Domyos Leather Demi-Pointe Shoes Girls',Domyos,4.3,10.0,Cotton Candy,Chaussures,Chaussures de sport,Autres
https://decathlon-usa.myshopify.com/products/keepdry-500-short-sleeve-soccer-base-layer-top-195073?adept-product=keepdry-500-short-sleeve-soccer-base-layer-top-195073,Keepdry 500 Short Sleeve Soccer Base Layer Top Men's,Kipsta,4.7,14.99,Black,Vêtements,T-shirt,Autres
https://decathlon-usa.myshopify.com/products/inesis-bermuda-golf-shorts-304046?adept-product=inesis-bermuda-golf-shorts-304046,Inesis Bermuda Golf Shorts Women's,Inesis,4.6,15.0,Asphalt Blue,Vêtements,Bas,Autres
https://decathlon-usa.myshopify.com/products/fitted-modern-dance-shorts-329868?adept-product=fitted-modern-dance-shorts-329868,Fitted Modern Dance Shorts Women's,Decathlon,4.7,10.0,Black,Vêtements,Bas,Autres
https://decathlon-usa.myshopify.com/products/mountain-bike-shorts-100?adept-product=mountain-bike-shorts-100,Rockrider ST100 Moisture-Wicking Mountain Bike Shorts Men's,Rockrider,4.1,19.99,Black,Vêtements,Bas,Randonnée
https://decathlon-usa.myshopify.com/products/short-swimming-fins-500-silifins?adept-product=short-swimming-fins-500-silifins,"Nabaiji Silifins 500, Short Swim Fins",Nabaiji,4.5,34.99,Black,Vêtements,Bas,Autres
https://decathlon-usa.myshopify.com/products/womens-running-tank-top-run-light-152553?adept-product=womens-running-tank-top-run-light-152553,"Kalenji Run Light, Running Tank Top, Women's",Kalenji,4.7,19.99,Purple,Vêtements,T-shirt,Course à pied
https://decathlon-usa.myshopify.com/products/womens-d-ski-jacket-980?adept-product=womens-d-ski-jacket-980,Wedze 980 Downhill Ski Jacket with Removable Puffer Jacket Liner Women's,Wedze,4.6,190.0,Carbon Gray,Vêtements,Veste,Ski
https://decathlon-usa.myshopify.com/products/snb-tr-500-skiing-and-snowboarding-pants-304762?adept-product=snb-tr-500-skiing-and-snowboarding-pants-304762,Dreamscape SNB TR 500 Skiing and Snowboarding Pants Men's,Decathlon,4.1,60.0,Sand,Vêtements,Veste,Ski
https://decathlon-usa.myshopify.com/products/snb-jkt-500-snowboarding-and-skiing-jacket-308667?adept-product=snb-jkt-500-snowboarding-and-skiing-jacket-308667,Dreamscape SNB JKT 500 Snowboarding and Skiing Jacket Men's,Decathlon,4.5,100.0,Sand,Vêtements,Veste,Ski
https://decathlon-usa.myshopify.com/products/fit-cotton-fitness-shorts-333173?adept-product=fit-cotton-fitness-shorts-333173,Fit+ Cotton Fitness Shorts,Domyos,4.7,12.99,Black,Vêtements,Bas,Fitness
https://decathlon-usa.myshopify.com/products/fitness-jogging-bottoms-500-essentials-black-332593?adept-product=fitness-jogging-bottoms-500-essentials-black-332593,Men's Fitness Jogging Bottoms 500 Essentials - Black,Domyos,4.5,29.99,Black,Vêtements,Bas,Fitness
https://decathlon-usa.myshopify.com/products/domyos-fle120-short-fitness-leggings-with-phone-pocket-womens-330215?adept-product=domyos-fle120-short-fitness-leggings-with-phone-pocket-womens-330215,Domyos FLE120 Short Fitness Leggings with Phone Pocket Women's,Domyos,4.6,22.99,Black,Vêtements,Bas,Fitness
https://decathlon-usa.myshopify.com/products/triban-merino-short-sleeved-cycling-jersey-grvl900-black-306938?adept-product=triban-merino-short-sleeved-cycling-jersey-grvl900-black-306938,Men's Merino Short-Sleeved Cycling Jersey GRVL900 - Black,Triban,4.4,79.99,Bordeaux,Vêtements,T-shirt,Cyclisme
https://decathlon-usa.myshopify.com/products/womens-pilates-and-gentle-gym-shorts-520-ss19?adept-product=womens-pilates-and-gentle-gym-shorts-520-ss19,Stretchy 2-in-1 Cotton Fitness Shorts,Domyos,4.6,14.99,Black,Vêtements,Bas,Fitness
https://decathlon-usa.myshopify.com/products/domyos-long-seamless-power-yoga-sports-bra-312909?adept-product=domyos-long-seamless-power-yoga-sports-bra-312909,Domyos Long Seamless Power Yoga Sports Bra Women's,Decathlon,4.5,15.0,Dark Gray,Accessoires,Divers,Autres
https://decathlon-usa.myshopify.com/products/comfort-pilates-mat-size-s-10-mm-100-ss19?adept-product=comfort-pilates-mat-size-s-10-mm-100-ss19,Pilates Floor Mat 170 cm x 55 cm x 10 mm Mat Comfort S - Pale Pink,Domyos,4.6,34.99,Dark Petrol Blue,Non déterminée,Non déterminée,Autres
https://decathlon-usa.myshopify.com/products/gentle-yoga-t-shirt-301103?adept-product=gentle-yoga-t-shirt-301103,Domyos Cotton Yoga T-Shirt Women's,Decathlon,4.6,10.0,Snow White,Vêtements,T-shirt,Autres
https://decathlon-usa.myshopify.com/products/fitness-gym-and-pilates-mat-100?adept-product=fitness-gym-and-pilates-mat-100,Nyamba 100 Basic Exercise Mat 55'' x 20'' x 6.5mm,Domyos,4.1,9.99,Black,Non déterminée,Non déterminée,Autres
https://decathlon-usa.myshopify.com/products/mh-kids-hiking-sunglasses-category-4-ages-5-6-k140?adept-product=mh-kids-hiking-sunglasses-category-4-ages-5-6-k140,Kids Hiking Sunglasses Aged 4-6 - MH K500 - Category 4,Quechua,4.6,24.99,Carbon Gray,Accessoires,Divers,Randonnée
https://decathlon-usa.myshopify.com/products/mens-training-sweatshirt-120-191207?adept-product=mens-training-sweatshirt-120-191207,Men's Fitness Sweatshirt Crew 100 - Schist Grey,Domyos,4.4,20.0,Pewter,Vêtements,T-shirt,Fitness
https://decathlon-usa.myshopify.com/products/domyos-s580-seamless-breathable-gym-leggings-girls-307290?adept-product=domyos-s580-seamless-breathable-gym-leggings-girls-307290,Domyos S580 Seamless Breathable Gym Leggings Girls',Domyos,4.6,15.0,Black,Vêtements,Bas,Fitness
https://decathlon-usa.myshopify.com/products/womens-fitness-cardio-training-tank-top-120?adept-product=womens-fitness-cardio-training-tank-top-120,Women's Fitness Cardio Training Tank Top 120,Domyos,4.6,10.0,Gray,Vêtements,T-shirt,Fitness
https://decathlon-usa.myshopify.com/products/womens-fitness-cardio-training-leggings-900?adept-product=womens-fitness-cardio-training-leggings-900,Shaping High-Waisted Fitness Cardio Leggings - Black,Domyos,3.9,39.99,Black,Vêtements,Bas,Fitness
https://decathlon-usa.myshopify.com/products/700-ml-first-shaker-bottle-clear-158291?adept-product=700-ml-first-shaker-bottle-clear-158291,First 700 ml Shaker,Domyos,4.4,7.99,Unspecified,Non déterminée,Non déterminée,Autres
https://decathlon-usa.myshopify.com/products/domyos-power-yoga-leggings-308844?adept-product=domyos-power-yoga-leggings-308844,Domyos Power Yoga Leggings Women's,Decathlon,4.6,20.0,Black,Vêtements,Bas,Autres
https://decathlon-usa.myshopify.com/products/womens-mountain-trekking-zip-off-trousers-trek-701?adept-product=womens-mountain-trekking-zip-off-trousers-trek-701,Women's Mountain Backpacking Waterproof Jacket Trek 500,Forclaz,4.4,90.0,Cardinal Pink,Vêtements,Veste,Randonnée
https://decathlon-usa.myshopify.com/products/adult-skateboarding-longboarding-low-top-shoes-vulca-100-15426?adept-product=adult-skateboarding-longboarding-low-top-shoes-vulca-100-15426,Adult Skateboarding Longboarding Low-Top Shoes Vulca 100,Oxelo,4.3,25.0,Black,Chaussures,Chaussures de sport,Autres
https://decathlon-usa.myshopify.com/products/disc-collar?adept-product=disc-collar,"Olympic 2"" Barbell Quick Release Collars",Domyos,4.6,22.99,Unspecified,Non déterminée,Non déterminée,Autres
https://decathlon-usa.myshopify.com/products/domyos-25-l-fitness-tote-bag-329650?adept-product=domyos-25-l-fitness-tote-bag-329650,Domyos 25 L Fitness Tote Bag,Domyos,4.8,15.0,Black,Non déterminée,Non déterminée,Fitness
https://decathlon-usa.myshopify.com/products/girls-gym-shorts-100?adept-product=girls-gym-shorts-100,Domyos 100 Gym Shorts Kids',Domyos,4.7,3.0,Black,Vêtements,Bas,Fitness
https://decathlon-usa.myshopify.com/products/womens-fitness-cardio-training-leggings-500-2?adept-product=womens-fitness-cardio-training-leggings-500-2,High-Waisted Shaping Fitness Leggings,Domyos,4.4,15.0,Black,Vêtements,Bas,Fitness
https://decathlon-usa.myshopify.com/products/nyamba-500-pilates-high-resistance-band-171140?adept-product=nyamba-500-pilates-high-resistance-band-171140,Nyamba 500 Pilates High Resistance Band,Domyos,4.5,20.0,Black,Non déterminée,Non déterminée,Autres
https://decathlon-usa.myshopify.com/products/domyos-no-show-fitness-cardio-training-socks-2-pack-143510?adept-product=domyos-no-show-fitness-cardio-training-socks-2-pack-143510,Domyos No-Show Fitness Cardio Training Socks 2-Pack,Domyos,4.5,7.99,Light Green,Accessoires,Divers,Fitness
https://decathlon-usa.myshopify.com/products/triban-rc100-high-visibility-winter-cycling-jacket-312301?adept-product=triban-rc100-high-visibility-winter-cycling-jacket-312301,Triban RC100 High Visibility Winter Cycling Jacket Men's,Triban,4.6,59.99,Fluoresent Yellow Green,Vêtements,Veste,Cyclisme
https://decathlon-usa.myshopify.com/products/womens-regular-fit-pilates-gentle-gym-sport-t-shirt-500-191336?adept-product=womens-regular-fit-pilates-gentle-gym-sport-t-shirt-500-191336,Women's Pilates and Gentle Gym Regular-Fit Sport T-Shirt 500,Decathlon,4.6,5.0,Gray,Vêtements,T-shirt,Fitness
https://decathlon-usa.myshopify.com/products/girls-gym-leggings-100-gray?adept-product=girls-gym-leggings-100-gray,Domyos 100 Gym Leggings Girls',Domyos,4.6,5.0,Pewter,Vêtements,Bas,Fitness
https://decathlon-usa.myshopify.com/products/keepdry-500-base-layer-195054?adept-product=keepdry-500-base-layer-195054,Kipsta Keepdry 500 Base Layer Kids',Kipsta,4.7,19.99,Black,Vêtements,T-shirt,Autres
https://decathlon-usa.myshopify.com/products/run-comfort-running-shoes-165655?adept-product=run-comfort-running-shoes-165655,Run Comfort Jogging Shoes Men's,Kalenji,4.1,50.0,Black,Chaussures,Chaussures de sport,Autres
https://decathlon-usa.myshopify.com/products/forclaz-trek-500-zip-collar-merino-wool-backpacking-t-shirt-302035?adept-product=forclaz-trek-500-zip-collar-merino-wool-backpacking-t-shirt-302035,Forclaz Trek 500 Zip Collar Merino Wool Backpacking T-Shirt Women's,Forclaz,4.7,79.99,Black,Vêtements,T-shirt,Randonnée
https://decathlon-usa.myshopify.com/products/nyamba-500-pilates-elastic-resistance-band-171138?adept-product=nyamba-500-pilates-elastic-resistance-band-171138,Nyamba 500 Low Resistance Pilates Elastic Band,Domyos,4.5,10.0,Deep Petrol Blue,Non déterminée,Non déterminée,Autres
https://decathlon-usa.myshopify.com/products/forclaz-trek-500-long-sleeve-merino-wool-backpacking-t-shirt-312489?adept-product=forclaz-trek-500-long-sleeve-merino-wool-backpacking-t-shirt-312489,Forclaz Trek 500 Long Sleeve Merino Wool Backpacking T-Shirt Women's,Forclaz,4.6,74.99,Prune,Vêtements,T-shirt,Randonnée
https://decathlon-usa.myshopify.com/products/swim-cap-silicone-mesh-size-l-170291?adept-product=swim-cap-silicone-mesh-size-l-170291,Mesh Silicone Swim Cap,Nabaiji,4.4,14.99,Black,Vêtements,Veste,Autres
https://decathlon-usa.myshopify.com/products/mens-softshell-hiking-gilet-windwarm-100?adept-product=mens-softshell-hiking-gilet-windwarm-100,Quechua Trek 500 Softshell Hiking Windbreaker Vest Men's,Quechua,4.6,39.99,Black,Vêtements,Veste,Randonnée
https://decathlon-usa.myshopify.com/products/f500-soccer-shorts-307851?adept-product=f500-soccer-shorts-307851,Kipsta F500 Soccer Shorts Kids',Kipsta,4.7,12.99,Snow White,Vêtements,Bas,Autres
https://decathlon-usa.myshopify.com/products/womens-fitness-cardio-training-leggings-900-311219?adept-product=womens-fitness-cardio-training-leggings-900-311219,Domyos 920 Cardio Fitness Leggings Women's,Domyos,3.9,30.0,Black,Vêtements,Bas,Fitness
https://decathlon-usa.myshopify.com/products/quechua-mens-winter-waterproof-hiking-parka-sh500-ultra-warm-20-c-340344?adept-product=quechua-mens-winter-waterproof-hiking-parka-sh500-ultra-warm-20-c-340344,Men's Winter Waterproof Hiking Parka - SH900 -20 degrees Celcius,Quechua,4.8,179.0,Black,Non déterminée,Non déterminée,Randonnée
https://decathlon-usa.myshopify.com/products/domyos-100-step-bench-305621?adept-product=domyos-100-step-bench-305621,Domyos 100 Step Bench,Domyos,4.5,30.0,Unspecified,Non déterminée,Non déterminée,Autres
https://decathlon-usa.myshopify.com/products/womens-fitness-cardio-training-7-8-leggings-900-311282?adept-product=womens-fitness-cardio-training-7-8-leggings-900-311282,Domyos 921 7/8 Cardio Fitness Leggings Women's,Domyos,4.5,25.0,Black,Vêtements,Bas,Fitness
https://decathlon-usa.myshopify.com/products/cardio-fitness-floor-pads-df920-4-pack?adept-product=cardio-fitness-floor-pads-df920-4-pack,"Interlocking Exercise Equipment Mat Gym Floor Pads 22"" x 22"" 4-Pack",Domyos,4.3,29.99,Black,Non déterminée,Non déterminée,Fitness
https://decathlon-usa.myshopify.com/products/girls-gym-leggings-breathable-synthetic-s500-303649?adept-product=girls-gym-leggings-breathable-synthetic-s500-303649,Girls' Gym Leggings Breathable Synthetic S500,Domyos,4.6,10.0,Abyss Gray,Vêtements,Bas,Fitness
https://decathlon-usa.myshopify.com/products/trek-100-windwarm-softshell-jacket-womens-324153?adept-product=trek-100-windwarm-softshell-jacket-womens-324153,Windbreaker jacket - softshell - warm - MT100 - women's,Forclaz,4.7,45.0,Black,Vêtements,Veste,Autres
https://decathlon-usa.myshopify.com/products/bootees-pink-171260?adept-product=bootees-pink-171260,Kids' Bootees - Pink,Domyos,4.7,10.0,Fluoresent Light Peach,Non déterminée,Non déterminée,Autres
https://decathlon-usa.myshopify.com/products/fleece-toggle-neck-warmer?adept-product=fleece-toggle-neck-warmer,ADULT SKI FLEECE NECK-WARMER - TANKA - BLACK,Wedze,4.6,6.99,Black,Vêtements,T-shirt,Ski
https://decathlon-usa.myshopify.com/products/domyos-fitness-cardio-training-gym-backpack-18l-324636?adept-product=domyos-fitness-cardio-training-gym-backpack-18l-324636,Domyos 18 L Cardio Training Fitness Backpack,Domyos,4.5,17.99,Black,Accessoires,Divers,Fitness
https://decathlon-usa.myshopify.com/products/womens-fitness-cardio-training-shorts-900-311290?adept-product=womens-fitness-cardio-training-shorts-900-311290,Women's Fitness Cardio Training Shorts 900,Domyos,4.5,20.0,Black,Vêtements,Bas,Fitness
https://decathlon-usa.myshopify.com/products/nyamba-500-pilates-medium-resistance-band-171139?adept-product=nyamba-500-pilates-medium-resistance-band-171139,Nyamba 500 Medium Resistance Pilates Elastic Band,Domyos,4.6,15.0,Purple,Non déterminée,Non déterminée,Autres
https://decathlon-usa.myshopify.com/products/100-light-slim-gym-pants-girls-300881?adept-product=100-light-slim-gym-pants-girls-300881,Domyos 100 Light Slim Gym Pants Girls',Domyos,4.6,10.0,Light Gray,Vêtements,Bas,Fitness
https://decathlon-usa.myshopify.com/products/inesis-waterproof-grip-golf-shoes-303118?adept-product=inesis-waterproof-grip-golf-shoes-303118,Inesis Waterproof Grip Golf Shoes Women's,Inesis,4.5,50.0,Asphalt Blue,Chaussures,Chaussures de sport,Autres
https://decathlon-usa.myshopify.com/products/en1150-hi-vis-showerproof-jacket-rc500-304830?adept-product=en1150-hi-vis-showerproof-jacket-rc500-304830,Triban RC500 High-Visibility Showerproof Cycling Jacket Men's,Triban,4.3,80.0,Fluoresent Yellow Green,Vêtements,Veste,Cyclisme
https://decathlon-usa.myshopify.com/products/inesis-golf-shorts-ww500-navy-blue-313059?adept-product=inesis-golf-shorts-ww500-navy-blue-313059,Men's golf shorts WW500 navy blue,Inesis,4.7,34.99,Navy Blue,Vêtements,Bas,Autres
https://decathlon-usa.myshopify.com/products/domyos-seamless-7-8-yoga-leggings-308834?adept-product=domyos-seamless-7-8-yoga-leggings-308834,Domyos Seamless 7/8 Yoga Leggings Women's,Decathlon,4.5,29.99,Black,Vêtements,Bas,Autres
https://decathlon-usa.myshopify.com/products/girls-and-boys-baby-gym-t-shirt-100-310685?adept-product=girls-and-boys-baby-gym-t-shirt-100-310685,Domyos 100 Short Sleeved Gym T-Shirt Babies',Domyos,4.6,3.0,Snow White,Vêtements,T-shirt,Fitness
https://decathlon-usa.myshopify.com/products/run-dry-cropped-running-pants-145817?adept-product=run-dry-cropped-running-pants-145817,Kalenji Run Dry Cropped Running Pants Men's,Kalenji,4.5,10.0,Black,Vêtements,Bas,Course à pied
https://decathlon-usa.myshopify.com/products/womens-cardio-fitness-2-in-1-shorts-900-308230?adept-product=womens-cardio-fitness-2-in-1-shorts-900-308230,"Domyos 900, 2-in-1 Fitness Cardio Training Shorts, Women's",Domyos,4.6,24.99,Bordeaux,Vêtements,Bas,Fitness
https://decathlon-usa.myshopify.com/products/f500-short-sleeved-soccer-shirt-311851?adept-product=f500-short-sleeved-soccer-shirt-311851,Kipsta F500 Short-Sleeved Soccer Shirt Kids',Kipsta,4.7,5.0,Bright Indigo,Vêtements,T-shirt,Autres
https://decathlon-usa.myshopify.com/products/mens-regular-training-bottoms-500-185531?adept-product=mens-regular-training-bottoms-500-185531,Domyos 500 Jogging Pants Men's,Domyos,4.4,20.0,Black,Vêtements,Bas,Autres
https://decathlon-usa.myshopify.com/products/b-first-swim-jammers-123351?adept-product=b-first-swim-jammers-123351,Nabaiji B-First Swim Jammers Men's,Nabaiji,4.4,20.0,Black,Non déterminée,Non déterminée,Autres
https://decathlon-usa.myshopify.com/products/s500-breathable-synthetic-gym-tank-top-girls-303669?adept-product=s500-breathable-synthetic-gym-tank-top-girls-303669,Domyos S500 Breathable Synthetic Gym Tank Top Girls',Domyos,4.7,4.0,Fluoresent Coral Pink,Vêtements,T-shirt,Fitness
https://decathlon-usa.myshopify.com/products/s500-breathable-synthetic-cropped-leggings-girls-303672?adept-product=s500-breathable-synthetic-cropped-leggings-girls-303672,Domyos S500 Breathable Synthetic Cropped Leggings Girls',Domyos,4.7,10.0,Black,Vêtements,Bas,Autres
https://decathlon-usa.myshopify.com/products/mens-3-in-1-jacket-travel-100?adept-product=mens-3-in-1-jacket-travel-100,Forclaz Travel 100 3-in-1 Hiking Jacket Men's,Forclaz,4.5,60.0,Carbon Gray,Vêtements,Veste,Randonnée
https://decathlon-usa.myshopify.com/products/domyos-520-fitness-shoes-womens-310090?adept-product=domyos-520-fitness-shoes-womens-310090,Domyos 520 Fitness Shoes Women's,Domyos,4.4,30.0,Black,Chaussures,Chaussures de sport,Fitness
https://decathlon-usa.myshopify.com/products/cycle-touring-cycling-shoes-roadc-100?adept-product=cycle-touring-cycling-shoes-roadc-100,Road and Gravel Cycling Shoes 100 - Black,Triban,4.3,69.99,Black,Chaussures,Chaussures de sport,Cyclisme
https://decathlon-usa.myshopify.com/products/forclaz-mountain-trekking-merino-wool-base-layer-tights-leggings-mt900-324226?adept-product=forclaz-mountain-trekking-merino-wool-base-layer-tights-leggings-mt900-324226,Men's Mountain Trekking Merino Wool Base Layer Tights / Leggings - MT900,Forclaz,4.6,89.99,Asphalt Blue,Vêtements,T-shirt,Randonnée
https://decathlon-usa.myshopify.com/products/500-fitness-cardio-training-leggings-307304?adept-product=500-fitness-cardio-training-leggings-307304,Domyos 500 Fitness Cardio Training Leggings Women's,Domyos,4.3,20.0,Multicolor,Vêtements,Bas,Fitness
https://decathlon-usa.myshopify.com/products/womens-fitness-cardio-training-leggings-500-3?adept-product=womens-fitness-cardio-training-leggings-500-3,"FTI500A, High-Waisted Shaping Fitness Leggings, Women's",Domyos,4.4,20.0,Black,Vêtements,Bas,Fitness
https://decathlon-usa.myshopify.com/products/womens-ballet-spilt-sole-canvas-demi-pointe-shoes?adept-product=womens-ballet-spilt-sole-canvas-demi-pointe-shoes,Domyos Split-Sole Canvas Demi-Pointe Shoes,Domyos,4.1,15.0,Light Pink,Chaussures,Chaussures de sport,Autres
https://decathlon-usa.myshopify.com/products/baby-gym-tracksuit-gymy-303839?adept-product=baby-gym-tracksuit-gymy-303839,Baby Gym Tracksuit Gym'y,Domyos,4.5,5.0,Petrol Blue,Non déterminée,Non déterminée,Fitness
https://decathlon-usa.myshopify.com/products/decathlon-vulca-100-skate-shoes-15426?adept-product=decathlon-vulca-100-skate-shoes-15426,Oxelo Vulca 100 Skate Shoes,Oxelo,4.3,25.0,Black/White,Chaussures,Chaussures de sport,Autres
https://decathlon-usa.myshopify.com/products/girls-gym-tracksuit-warm-breathable-synthetic-gymy-s500-ss19?adept-product=girls-gym-tracksuit-warm-breathable-synthetic-gymy-s500-ss19,Domyos Gym'y S500 Warm Breathable Synthetic Gym Tracksuit Girls',Domyos,4.5,7.0,Fluoresent Peach,Non déterminée,Non déterminée,Fitness
https://decathlon-usa.myshopify.com/products/womens-fitness-shoes-900-300584?adept-product=womens-fitness-shoes-900-300584,Domyos 900 Fitness Shoes Women's,Domyos,4.3,20.0,Fluoresent Light Peach,Chaussures,Chaussures de sport,Fitness
https://decathlon-usa.myshopify.com/products/domyos-dynamic-yoga-leggings-142022?adept-product=domyos-dynamic-yoga-leggings-142022,Domyos Dynamic Yoga Leggings Women's,Decathlon,4.6,20.0,Black,Vêtements,Bas,Autres
https://decathlon-usa.myshopify.com/products/500-fiti-swimming-jammers-boys-307912?adept-product=500-fiti-swimming-jammers-boys-307912,Nabaiji 500 Fiti Swimming Jammers Boys',Nabaiji,4.5,29.99,Black,Non déterminée,Non déterminée,Autres
https://decathlon-usa.myshopify.com/products/girls-light-breathable-gym-jacket-w500-black-print-307246?adept-product=girls-light-breathable-gym-jacket-w500-black-print-307246,Girls' Light Breathable Gym Jacket W500 - Black Print,Domyos,4.7,10.0,Black,Vêtements,Veste,Fitness
https://decathlon-usa.myshopify.com/products/womens-fitness-cardio-training-tank-top-120l-white-print-330060?adept-product=womens-fitness-cardio-training-tank-top-120l-white-print-330060,Women's  Fitness Cardio Training Tank Top 120L,Domyos,4.4,8.0,Snow White,Vêtements,T-shirt,Fitness
https://decathlon-usa.myshopify.com/products/domyos-high-waisted-urban-dance-leggings-womens-325455?adept-product=domyos-high-waisted-urban-dance-leggings-womens-325455,Domyos High-Waisted Urban Dance Leggings Women's,Domyos,4.5,20.0,Black,Vêtements,Bas,Autres
https://decathlon-usa.myshopify.com/products/domyos-technical-yoga-leggings-308821?adept-product=domyos-technical-yoga-leggings-308821,Domyos Technical Yoga Leggings Women's,Decathlon,4.2,20.0,Dark Petrol Blue,Vêtements,Bas,Autres
https://decathlon-usa.myshopify.com/products/baby-gym-tracksuit-gymy-303794?adept-product=baby-gym-tracksuit-gymy-303794,Baby Gym Tracksuit Gym'y,Domyos,4.5,5.0,Fluoresent Coral Pink,Non déterminée,Non déterminée,Fitness
https://decathlon-usa.myshopify.com/products/high-waisted-seamless-fitness-bike-shorts-womens-334869?adept-product=high-waisted-seamless-fitness-bike-shorts-womens-334869,High-Waisted Seamless Fitness Cycling Shorts - Grey,Domyos,4.8,29.99,Black,Vêtements,Bas,Fitness
https://decathlon-usa.myshopify.com/products/domyos-ballet-and-modern-dance-footless-tights-girls-182174?adept-product=domyos-ballet-and-modern-dance-footless-tights-girls-182174,Domyos Ballet and Modern Dance Footless Tights Girls',Decathlon,4.4,5.0,Cinnamon,Vêtements,Bas,Autres
https://decathlon-usa.myshopify.com/products/aptonia-shaker-bottle-700-ml-black-yellow-172628?adept-product=aptonia-shaker-bottle-700-ml-black-yellow-172628,700 ml Shaker,Domyos,4.2,9.99,Black,Non déterminée,Non déterminée,Autres
https://decathlon-usa.myshopify.com/products/22-kg-49-lb-small-weight-training-resistance-glute-band-335023?adept-product=22-kg-49-lb-small-weight-training-resistance-glute-band-335023,22 kg/49 lb Small Weight Training Resistance Glute Band,Domyos,4.7,14.99,Base Color,Non déterminée,Non déterminée,Autres
https://decathlon-usa.myshopify.com/products/seamless-short-sleeve-cropped-fitness-t-shirt-womens-335858?adept-product=seamless-short-sleeve-cropped-fitness-t-shirt-womens-335858,Seamless Short-Sleeved Cropped Fitness T-Shirt - Grey,Domyos,4.7,29.99,Black,Vêtements,T-shirt,Fitness
https://decathlon-usa.myshopify.com/products/stretchy-boat-neck-cotton-fitness-t-shirt-womens-8643760?adept-product=stretchy-boat-neck-cotton-fitness-t-shirt-womens-8643760,Stretchy Boat Neck Cotton Fitness T-Shirt,Domyos,4.6,10.0,Pink Quartz,Vêtements,T-shirt,Fitness
https://decathlon-usa.myshopify.com/products/baby-gym-educational-gymnastics-band-ss19?adept-product=baby-gym-educational-gymnastics-band-ss19,Domyos Educational Gymnastics Band Kids',Domyos,4.3,2.0,Light Crimson,Non déterminée,Non déterminée,Fitness
https://decathlon-usa.myshopify.com/products/girls-gym-crop-top-100-pink-303647?adept-product=girls-gym-crop-top-100-pink-303647,Girls' Gym Crop Top 100,Domyos,4.6,4.0,Desert Pink,Vêtements,T-shirt,Fitness
https://decathlon-usa.myshopify.com/products/horseback-riding-grippy-gloves-103080?adept-product=horseback-riding-grippy-gloves-103080,Women's Horseback Riding Grippy Gloves,Fouganza,4.5,10.0,Black,Accessoires,Divers,Equitation
https://decathlon-usa.myshopify.com/products/salto-gym-and-pilates-leggings-191340?adept-product=salto-gym-and-pilates-leggings-191340,Nyamba Salto Gym and Pilates Leggings Women's,Decathlon,4.3,3.0,Dark Gray,Vêtements,Bas,Fitness
https://decathlon-usa.myshopify.com/products/f500z-soccer-shorts-with-zip-pockets-118268?adept-product=f500z-soccer-shorts-with-zip-pockets-118268,Kipsta F500Z Soccer Shorts with Zip Pockets,Kipsta,4.7,19.99,Black,Vêtements,Bas,Autres
https://decathlon-usa.myshopify.com/products/van-rysel-520-insulated-and-high-visibility-winter-cycling-vest?adept-product=van-rysel-520-insulated-and-high-visibility-winter-cycling-vest,Van Rysel 520 Insulated and High Visibility Winter Cycling Vest,Decathlon,4.6,39.99,Fluoresent Yellow Green,Vêtements,Veste,Cyclisme
https://decathlon-usa.myshopify.com/products/domyos-adjustable-urban-dance-sweatshirt-womens-327796?adept-product=domyos-adjustable-urban-dance-sweatshirt-womens-327796,Domyos Adjustable Urban Dance Sweatshirt Women's,Domyos,4.9,20.0,Black,Vêtements,T-shirt,Autres
https://decathlon-usa.myshopify.com/products/womens-cliff-three-quarter-pants?adept-product=womens-cliff-three-quarter-pants,"Simond, 3/4 Climbing Pants, Women’s",Simond,4.6,30.0,Slate Blue,Vêtements,Bas,Autres
https://decathlon-usa.myshopify.com/products/football-stirrup-socks-viralto-black-196792?adept-product=football-stirrup-socks-viralto-black-196792,Football Stirrup Socks Viralto - Black,Kipsta,4.5,0.99,Black,Accessoires,Divers,Autres
https://decathlon-usa.myshopify.com/products/girls-breathable-gym-t-shirt-s900-neon-pink-black-back-307258?adept-product=girls-breathable-gym-t-shirt-s900-neon-pink-black-back-307258,Girls' Breathable Gym T-Shirt S900 - Neon Pink/Black Back,Domyos,4.8,10.0,Fluoresent Coral Pink,Vêtements,T-shirt,Fitness
https://decathlon-usa.myshopify.com/products/padded-light-support-sports-bra-334247?adept-product=padded-light-support-sports-bra-334247,Light Support Fitness Bra 140 - Black,Domyos,4.6,19.99,Black,Accessoires,Divers,Fitness
https://decathlon-usa.myshopify.com/products/hunting-visibility-safety-vest-5825?adept-product=hunting-visibility-safety-vest-5825,Hunting Visibility Safety Vest Men's,Solognac,4.5,5.0,Fluoresent Orange,Vêtements,Veste,Autres
https://decathlon-usa.myshopify.com/products/loose-modern-dance-jazz-jumpsuit-black-327033?adept-product=loose-modern-dance-jazz-jumpsuit-black-327033,Women's Loose Modern Dance/Jazz Jumpsuit - Black,Decathlon,4.8,25.0,Black,Non déterminée,Non déterminée,Autres
https://decathlon-usa.myshopify.com/products/500-breathable-cotton-gym-leggings-303671?adept-product=500-breathable-cotton-gym-leggings-303671,Domyos 500 Breathable Cotton Gym Leggings Kids',Domyos,4.7,9.0,Aqua,Vêtements,Bas,Fitness
https://decathlon-usa.myshopify.com/products/s500-breathable-synthetic-gym-leggings-311508?adept-product=s500-breathable-synthetic-gym-leggings-311508,Domyos S500 Breathable Synthetic Gym Leggings Kids',Domyos,4.7,10.0,Abyss Gray,Vêtements,Bas,Fitness
https://decathlon-usa.myshopify.com/products/adult-soccer-socks-f100?adept-product=adult-soccer-socks-f100,"Kipsta F100, Soccer Socks",Kipsta,4.3,5.99,Bright Indigo,Accessoires,Divers,Autres
https://decathlon-usa.myshopify.com/products/rw900-power-walking-shoes-303610?adept-product=rw900-power-walking-shoes-303610,Newfeel RW900 Fitness Walking Shoes Adult,Newfeel,4.5,50.0,Fluoresent Lime Yellow,Chaussures,Chaussures de sport,Fitness
https://decathlon-usa.myshopify.com/products/tonemat-floor-mat-100-160-cm-x-60-cm-x-7-mm-green-312468?adept-product=tonemat-floor-mat-100-160-cm-x-60-cm-x-7-mm-green-312468,Nyamba 100 Floor Mat 160cm x 60cm x 7mm,Domyos,3.9,20.0,Deep Petrol Blue,Non déterminée,Non déterminée,Autres
https://decathlon-usa.myshopify.com/products/sport-cycling-shoes-van-rysel?adept-product=sport-cycling-shoes-van-rysel,Road Cycling Shoes 900 - Black,Decathlon,4.3,199.0,Black,Chaussures,Chaussures de sport,Cyclisme
https://decathlon-usa.myshopify.com/products/adult-latex-swimming-socks-3611?adept-product=adult-latex-swimming-socks-3611,Adult Latex Swimming Socks,Nabaiji,3.4,4.0,White,Accessoires,Divers,Autres
https://decathlon-usa.myshopify.com/products/mtb-bibshort-xc-light-ss19?adept-product=mtb-bibshort-xc-light-ss19,Rockrider XC Light Mountain Bike Shorts Men's,Rockrider,4.3,50.0,Black,Vêtements,Bas,Randonnée
https://decathlon-usa.myshopify.com/products/slim-fit-cropped-pilates-and-gentle-gym-sport-pants-303135?adept-product=slim-fit-cropped-pilates-and-gentle-gym-sport-pants-303135,Nyamba Slim-Fit Cropped Pilates and Gentle Gym Sport Pants Women's,Decathlon,4.4,20.0,Gray,Vêtements,Bas,Fitness
https://decathlon-usa.myshopify.com/products/s900-breathable-sports-bra-303680?adept-product=s900-breathable-sports-bra-303680,Domyos S900 Breathable Sports Bra Kids',Domyos,4.7,5.0,Black/White,Accessoires,Divers,Autres
https://decathlon-usa.myshopify.com/products/basketball-pants-b300?adept-product=basketball-pants-b300,"Tarmak P100, Basketball Pants, Men's",Tarmak,4.4,4.99,Black,Vêtements,Bas,Autres
https://decathlon-usa.myshopify.com/products/chapka-firstheat?adept-product=chapka-firstheat,"Wedze Firstheat, Adult Ski Ushanka",Wedze,4.5,14.99,Black,Non déterminée,Non déterminée,Ski
https://decathlon-usa.myshopify.com/products/p100-basketball-pants-123274?adept-product=p100-basketball-pants-123274,Tarmak P100 Basketball Pants Men's,Tarmak,4.4,4.99,Black,Vêtements,Bas,Autres
https://decathlon-usa.myshopify.com/products/domyos-921-fitness-cardio-training-leggings-womens-311267?adept-product=domyos-921-fitness-cardio-training-leggings-womens-311267,Seamless Lace Detail Workout Leggings Women's,Domyos,4.5,35.0,Black,Vêtements,Bas,Autres
https://decathlon-usa.myshopify.com/products/straight-leg-horse-riding-jeans-2750?adept-product=straight-leg-horse-riding-jeans-2750,Fouganza Straight-Leg Horse Riding Jeans Men's,Fouganza,3.7,45.0,Unspecified,Non déterminée,Non déterminée,Equitation
https://decathlon-usa.myshopify.com/products/inesis-water-repellent-golf-windbreaker-307498?adept-product=inesis-water-repellent-golf-windbreaker-307498,Inesis Water-Repellent Golf Windbreaker Women's,Inesis,4.5,39.99,Navy Blue,Non déterminée,Non déterminée,Autres
https://decathlon-usa.myshopify.com/products/prenatal-yoga-leggings-329977?adept-product=prenatal-yoga-leggings-329977,Kimjaly Prenatal Yoga Leggings,Decathlon,3.9,20.0,Dark Gray,Vêtements,Bas,Autres
https://decathlon-usa.myshopify.com/products/medium-exercise-equipment-mat-exercise-bike-mat-334184?adept-product=medium-exercise-equipment-mat-exercise-bike-mat-334184,"Medium Exercise Equipment Mat 28"" x 43""",Domyos,4.7,39.99,Black,Non déterminée,Non déterminée,Autres
https://decathlon-usa.myshopify.com/products/11-pocket-fishing-vest-106351?adept-product=11-pocket-fishing-vest-106351,11-Pocket Fishing Vest Men's,Caperlan,4.6,39.99,Carbon Gray,Vêtements,Veste,Autres
https://decathlon-usa.myshopify.com/products/boys-gym-t-shirt-breathable-short-sleeved-s900-303754?adept-product=boys-gym-t-shirt-breathable-short-sleeved-s900-303754,Boys' Gym T-Shirt Breathable Short-Sleeved S900,Domyos,4.8,10.0,Bordeaux,Vêtements,T-shirt,Fitness
https://decathlon-usa.myshopify.com/products/s900-seamless-breathable-gym-shorts-girls-310443?adept-product=s900-seamless-breathable-gym-shorts-girls-310443,Domyos S900 Seamless Breathable Gym Shorts Girls',Domyos,4.7,10.0,Black,Vêtements,Bas,Fitness
https://decathlon-usa.myshopify.com/products/pilates-comfort-mat-size-l-20-mm-900-ss19?adept-product=pilates-comfort-mat-size-l-20-mm-900-ss19,Pilates Floor Mat 190 cm x 70 cm x 20 mm Mat Comfort L - Grey Anthracite,Domyos,4.7,59.99,Charcoal,Non déterminée,Non déterminée,Autres
https://decathlon-usa.myshopify.com/products/baby-gym-short-sleeved-t-shirt-s500-ss19?adept-product=baby-gym-short-sleeved-t-shirt-s500-ss19,Domyos S500 Short-Sleeved T-Shirt Babies',Domyos,4.8,5.0,Fluoresent Light Peach,Vêtements,T-shirt,Autres
https://decathlon-usa.myshopify.com/products/propulse-motion-pw900-leather-fitness-walking-shoes-309170?adept-product=propulse-motion-pw900-leather-fitness-walking-shoes-309170,Newfeel Propulse Motion PW900 Leather Fitness Walking Shoes Women's,Newfeel,4.1,40.0,Dark Petrol Blue,Chaussures,Chaussures de sport,Fitness
https://decathlon-usa.myshopify.com/products/trek-900-zip-neck-merino-wool-backpacking-t-shirt-womens-306986?adept-product=trek-900-zip-neck-merino-wool-backpacking-t-shirt-womens-306986,Women's Long-sleeved Mountain Trek Merino Wool T-shirt with Zipped Collar - MT900,Forclaz,4.8,89.99,Navy Blue,Vêtements,T-shirt,Randonnée
https://decathlon-usa.myshopify.com/products/girls-and-boys-long-sleeved-baby-gym-t-shirt-100-white-310720?adept-product=girls-and-boys-long-sleeved-baby-gym-t-shirt-100-white-310720,"Domyos 100, Gym T-Shirt, Babies'",Domyos,4.5,4.0,Snowy White,Vêtements,T-shirt,Fitness
https://decathlon-usa.myshopify.com/products/womens-fitness-cardio-training-tank-top-120l-white-print-330061?adept-product=womens-fitness-cardio-training-tank-top-120l-white-print-330061,Women's Fitness Cardio Training Tank Top 120L - White Print,Domyos,4.4,8.0,Pink,Vêtements,T-shirt,Fitness
https://decathlon-usa.myshopify.com/products/womens-fitness-cardio-training-shorts-100-308186?adept-product=womens-fitness-cardio-training-shorts-100-308186,Domyos 100 Fitness Cardio Training Shorts Women's,Domyos,4.6,9.99,Turquoise,Vêtements,Bas,Fitness
https://decathlon-usa.myshopify.com/products/girls-mixed-media-ballet-leotard-light-pink-171739?adept-product=girls-mixed-media-ballet-leotard-light-pink-171739,Girls' Mixed Media Ballet Leotard - Light Pink,Decathlon,4.6,10.0,Cotton Candy,Non déterminée,Non déterminée,Autres
https://decathlon-usa.myshopify.com/products/mens-gym-and-pilates-knee-length-regular-shorts-520?adept-product=mens-gym-and-pilates-knee-length-regular-shorts-520,Men's Fitness Shorts 500 - Black,Domyos,4.6,15.0,Black,Vêtements,Bas,Fitness
https://decathlon-usa.myshopify.com/products/straight-leg-horse-riding-jeans-2749?adept-product=straight-leg-horse-riding-jeans-2749,Fouganza Straight-Leg Horse Riding Jeans Women's,Fouganza,3.8,45.0,Unspecified,Non déterminée,Non déterminée,Equitation
https://decathlon-usa.myshopify.com/products/womens-fitness-cardio-training-tank-top-900-311259?adept-product=womens-fitness-cardio-training-tank-top-900-311259,900 Fitness Tank Top Women's,Domyos,4.7,20.0,Black,Vêtements,T-shirt,Fitness
https://decathlon-usa.myshopify.com/products/cycling-winter-gloves-300?adept-product=cycling-winter-gloves-300,100 Winter Cycling Fleece Gloves,Triban,4.4,14.99,Black,Vêtements,T-shirt,Cyclisme
https://decathlon-usa.myshopify.com/products/girls-and-boys-baby-gym-t-shirt-500-orange-310707?adept-product=girls-and-boys-baby-gym-t-shirt-500-orange-310707,Domyos 500 Gym T-Shirt Babies',Domyos,4.6,4.0,Coral Pink,Vêtements,T-shirt,Fitness
https://decathlon-usa.myshopify.com/products/short-sleeve-zip-trail-running-t-shirt-mens-301878?adept-product=short-sleeve-zip-trail-running-t-shirt-mens-301878,"Short Sleeve Zip Trail Running T-Shirt, Men's",Decathlon,4.6,34.99,Magnolia,Vêtements,T-shirt,Course à pied
https://decathlon-usa.myshopify.com/products/domyos-s580-breathable-seamless-gym-sports-bra-girls-326740?adept-product=domyos-s580-breathable-seamless-gym-sports-bra-girls-326740,Domyos S580 Breathable Seamless Gym Sports Bra Girls',Domyos,4.7,10.0,Black,Accessoires,Divers,Fitness
https://decathlon-usa.myshopify.com/products/inesis-golf-polo-shirt-303993?adept-product=inesis-golf-polo-shirt-303993,Inesis Golf Polo Shirt Women's,Inesis,4.7,20.0,Snow White,Vêtements,T-shirt,Autres
https://decathlon-usa.myshopify.com/products/domyos-woven-power-yoga-pants-306801?adept-product=domyos-woven-power-yoga-pants-306801,Domyos Woven Power Yoga Pants Men's,Decathlon,4.4,25.0,Black,Vêtements,Bas,Autres
https://decathlon-usa.myshopify.com/products/women-cardio-training-fitness-shoes-500-8484048?adept-product=women-cardio-training-fitness-shoes-500-8484048,Women's Cardio Training Fitness Shoes 500,Domyos,4.4,20.0,Black,Chaussures,Chaussures de sport,Fitness
https://decathlon-usa.myshopify.com/products/womens-dynamic-yoga-reversible-leggings?adept-product=womens-dynamic-yoga-reversible-leggings,"Domyos Reversible Dynamic Yoga Leggings, Women's",Decathlon,4.7,20.0,Black,Vêtements,Bas,Autres
https://decathlon-usa.myshopify.com/products/500-gym-breathable-tank-top-girls-310759?adept-product=500-gym-breathable-tank-top-girls-310759,Domyos 500 Gym Breathable Tank Top Girls',Domyos,4.7,5.0,Pale Yellow,Vêtements,T-shirt,Fitness
https://decathlon-usa.myshopify.com/products/fitness-cardio-training-tracksuit-ftk-500-310032?adept-product=fitness-cardio-training-tracksuit-ftk-500-310032,Fitness Cardio Training Tracksuit FTK 500,Domyos,4.1,39.99,Black,Non déterminée,Non déterminée,Fitness
https://decathlon-usa.myshopify.com/products/kipsta-f500-z-soccer-shorts-with-zip-pockets-118268?adept-product=kipsta-f500-z-soccer-shorts-with-zip-pockets-118268,"Kipsta F500Z, Soccer Shorts with Zip Pockets",Kipsta,4.7,19.99,Black,Vêtements,Bas,Autres
https://decathlon-usa.myshopify.com/products/domyos-perforated-second-skin-tech-yoga-leggings-307487?adept-product=domyos-perforated-second-skin-tech-yoga-leggings-307487,Domyos Perforated Second Skin Tech Yoga Leggings Women's,Decathlon,4.3,30.0,Black,Vêtements,Bas,Ski
https://decathlon-usa.myshopify.com/products/14-kg-31-lb-large-weight-training-resistance-glute-band-335013?adept-product=14-kg-31-lb-large-weight-training-resistance-glute-band-335013,14 kg/31 lb Large Weight Training Resistance Glute Band,Domyos,4.8,14.99,Base Color,Non déterminée,Non déterminée,Autres
https://decathlon-usa.myshopify.com/products/womens-gym-and-pilates-slim-fit-short-sleeved-t-shirt?adept-product=womens-gym-and-pilates-slim-fit-short-sleeved-t-shirt,"Nyamba 500, Pilates and Gentle Gym Slim-Fit T-Shirt, Women's",Decathlon,4.6,5.0,Navy Blue,Vêtements,T-shirt,Fitness
https://decathlon-usa.myshopify.com/products/s900-short-sleeved-breathable-gym-t-shirt-girls-300890?adept-product=s900-short-sleeved-breathable-gym-t-shirt-girls-300890,Domyos S900 Short-Sleeved Breathable Gym T-Shirt Girls',Domyos,4.7,10.0,Black,Vêtements,T-shirt,Fitness
https://decathlon-usa.myshopify.com/products/girls-gym-headband-s900-twin-pack-neon-pink-and-black-310276?adept-product=girls-gym-headband-s900-twin-pack-neon-pink-and-black-310276,Girls' Gym Headband S900 Twin-Pack - Neon Pink and Black,Domyos,4.2,3.0,Black,Non déterminée,Non déterminée,Fitness
https://decathlon-usa.myshopify.com/products/girls-and-boys-long-sleeved-baby-gym-t-shirt-100-white-310721?adept-product=girls-and-boys-long-sleeved-baby-gym-t-shirt-100-white-310721,Domyos 100 Gym T-Shirt Babies',Domyos,4.5,4.0,Snow White,Vêtements,T-shirt,Fitness
https://decathlon-usa.myshopify.com/products/girls-gym-tank-top-breathable-synthetic-s500-ss19-last-call?adept-product=girls-gym-tank-top-breathable-synthetic-s500-ss19-last-call,"Domyos S500, Breathable Synthetic Gym Tank Top, Girls'",Domyos,4.7,5.0,Dark Blue,Vêtements,T-shirt,Fitness
https://decathlon-usa.myshopify.com/products/womens-cardio-fitness-shoes-900?adept-product=womens-cardio-fitness-shoes-900,Domyos 900 Cardio Fitness Shoes Women's,Domyos,4.2,25.0,Black,Chaussures,Chaussures de sport,Fitness
https://decathlon-usa.myshopify.com/products/mens-downhill-ski-jacket-500?adept-product=mens-downhill-ski-jacket-500,500 Down Insulated Waterproof Ski Jacket,Wedze,4.5,80.0,Bordeaux,Vêtements,Veste,Ski
https://decathlon-usa.myshopify.com/products/baggy-trail-running-shorts-312194?adept-product=baggy-trail-running-shorts-312194,MEN'S TRAIL RUNNING BAGGY SHORTS - DARK GREY,Decathlon,4.6,39.99,Carbon Gray,Vêtements,Bas,Course à pied
https://decathlon-usa.myshopify.com/products/trek-100-mountain-trekking-ultra-compact-cap?adept-product=trek-100-mountain-trekking-ultra-compact-cap,"Forclaz Trek 100, Ultra-Compact Hiking Cap",Forclaz,4.4,6.99,Carbon Gray,Vêtements,Veste,Randonnée
https://decathlon-usa.myshopify.com/products/breathable-running-briefs-121847?adept-product=breathable-running-briefs-121847,Breathable Running Briefs,Kalenji,4.5,7.99,Dark Blue,Non déterminée,Non déterminée,Course à pied
https://decathlon-usa.myshopify.com/products/adult-hiking-sunglasses-category-3-mh140-301163?adept-product=adult-hiking-sunglasses-category-3-mh140-301163,Quechua MH140 Category 3 Hiking Sunglasses,Quechua,4.5,24.99,Black,Accessoires,Divers,Randonnée
https://decathlon-usa.myshopify.com/products/forclaz-trek-500-mountain-backpacking-merino-liner-gloves-adult-311676?adept-product=forclaz-trek-500-mountain-backpacking-merino-liner-gloves-adult-311676,Forclaz Adult Mountain Trekking Merino Wool Liner Gloves - MT500 Grey,Forclaz,4.3,22.99,Carbon Gray,Accessoires,Divers,Randonnée
https://decathlon-usa.myshopify.com/products/mens-fitness-cardio-bottoms-fpa500-black?adept-product=mens-fitness-cardio-bottoms-fpa500-black,500 Fitness Training Pants,Domyos,4.5,20.0,Black,Vêtements,Bas,Fitness
https://decathlon-usa.myshopify.com/products/breathe-fitness-sports-bra-black-white-151442?adept-product=breathe-fitness-sports-bra-black-white-151442,Breathe Women's Fitness Sports Bra - Black/White,Domyos,4.4,5.0,Black,Accessoires,Divers,Fitness
https://decathlon-usa.myshopify.com/products/mens-golf-shorts-305517?adept-product=mens-golf-shorts-305517,"Inesis, Mild Weather Golf Shorts, Men's",Inesis,4.6,15.0,Grey Blue,Vêtements,Bas,Autres
https://decathlon-usa.myshopify.com/products/children-hiking-sunglasses-ages-7-10-category-4-mh-t-500?adept-product=children-hiking-sunglasses-ages-7-10-category-4-mh-t-500,MH T500 Category 4 Hiking Sunglasses Kids',Quechua,4.6,19.99,Purple,Accessoires,Divers,Randonnée
https://decathlon-usa.myshopify.com/products/pilates-resistance-elastic-band-light-100?adept-product=pilates-resistance-elastic-band-light-100,Nyamba Rubber Pilates Resistance Band 4 lbs,Domyos,4.4,5.0,Blue,Non déterminée,Non déterminée,Autres
https://decathlon-usa.myshopify.com/products/forclaz-trek-900-long-sleeve-merino-wool-backpacking-t-shirt-324215?adept-product=forclaz-trek-900-long-sleeve-merino-wool-backpacking-t-shirt-324215,Trek 900 Long Sleeve Merino Wool Backpacking T-Shirt Men's,Forclaz,4.7,70.0,Butterscotch,Vêtements,T-shirt,Randonnée
https://decathlon-usa.myshopify.com/products/womens-fitness-leggings-with-phone-pocket-plus-size-332483?adept-product=womens-fitness-leggings-with-phone-pocket-plus-size-332483,Women's Fitness Leggings with Phone Pocket (Plus Size),Domyos,4.6,10.0,Navy Blue,Vêtements,Bas,Fitness
https://decathlon-usa.myshopify.com/products/900-stretchy-cotton-fitness-tank-top-with-built-in-bra-323685?adept-product=900-stretchy-cotton-fitness-tank-top-with-built-in-bra-323685,900 Stretchy Cotton Fitness Tank Top with Built-in Bra,Domyos,4.5,19.99,Black,Vêtements,T-shirt,Fitness
https://decathlon-usa.myshopify.com/products/run-warm-running-pants-307626?adept-product=run-warm-running-pants-307626,Run Warm+ Running Pants,Kalenji,4.6,24.99,Black,Vêtements,Bas,Course à pied
https://decathlon-usa.myshopify.com/products/forclaz-mt100-synthetic-puffer-vest-312531?adept-product=forclaz-mt100-synthetic-puffer-vest-312531,Forclaz Men's MT100 Synthetic Puffer Vest,Forclaz,4.6,39.99,Black,Vêtements,Veste,Autres
https://decathlon-usa.myshopify.com/products/forclaz-mt100-hooded-synthetic-puffer-jacket-176951?adept-product=forclaz-mt100-hooded-synthetic-puffer-jacket-176951,Forclaz Men's MT100 Hooded Synthetic Puffer Jacket,Forclaz,4.5,35.0,Whale Gray,Vêtements,Veste,Autres
https://decathlon-usa.myshopify.com/products/cycling-and-running-protective-sunglasses-arenberg-category-0?adept-product=cycling-and-running-protective-sunglasses-arenberg-category-0,Rockrider ST100 MTB Sunglasses Category 0 Adult,Rockrider,4.4,9.99,Base Color,Accessoires,Divers,Autres
https://decathlon-usa.myshopify.com/products/920-fitness-shoes-302746?adept-product=920-fitness-shoes-302746,Domyos 920 Fitness Shoes Women's,Domyos,4.3,30.0,Snow White,Chaussures,Chaussures de sport,Fitness
https://decathlon-usa.myshopify.com/products/domyos-50-liter-training-bag-331363?adept-product=domyos-50-liter-training-bag-331363,Domyos 50 L Training Bag,Domyos,4.6,49.99,Black,Non déterminée,Non déterminée,Autres
https://decathlon-usa.myshopify.com/products/boys-gym-t-shirt-short-sleeved-100-303733?adept-product=boys-gym-t-shirt-short-sleeved-100-303733,Boys' Gym T-Shirt Short-Sleeved 100,Domyos,4.6,3.0,Light Gray,Vêtements,T-shirt,Fitness
https://decathlon-usa.myshopify.com/products/domyos-920-fitness-cardio-training-sports-bra-womens-311979?adept-product=domyos-920-fitness-cardio-training-sports-bra-womens-311979,"Domyos 920, Fitness Cardio Training Sports Bra, Women's",Domyos,4.4,39.99,Black,Accessoires,Divers,Fitness
https://decathlon-usa.myshopify.com/products/girls-gym-breathable-short-sleeved-t-shirt-500-307255?adept-product=girls-gym-breathable-short-sleeved-t-shirt-500-307255,Domyos 500 Breathable Short-Sleeved Gym T-Shirt Kids',Domyos,4.7,5.0,Black,Vêtements,T-shirt,Fitness
https://decathlon-usa.myshopify.com/products/chest-day-weight-training-t-shirt-311379?adept-product=chest-day-weight-training-t-shirt-311379,Domyos Chest Day Weight Training T-Shirt Men's,Domyos,4.6,10.0,Midnight Indigo,Vêtements,T-shirt,Autres
https://decathlon-usa.myshopify.com/products/mens-hiking-sleeveless-padded-waistcoat-x-warm?adept-product=mens-hiking-sleeveless-padded-waistcoat-x-warm,Men's Mountain Trekking Sleeveless Down Gilet - MT500,Quechua,4.5,79.99,Black,Vêtements,T-shirt,Randonnée
https://decathlon-usa.myshopify.com/products/domyos-560-hoodie-sweater-womens-323693?adept-product=domyos-560-hoodie-sweater-womens-323693,Women's Fitness Zipped Hoodie 500 - Spacer Black,Domyos,4.7,35.0,Black,Vêtements,Veste,Fitness
https://decathlon-usa.myshopify.com/products/domyos-30-l-padded-fitness-bag-327811?adept-product=domyos-30-l-padded-fitness-bag-327811,30 L Padded Fitness Bag,Domyos,4.7,30.0,White,Non déterminée,Non déterminée,Fitness
https://decathlon-usa.myshopify.com/products/womens-pilates-and-gentle-gym-slim-fit-leggings-560-8518636?adept-product=womens-pilates-and-gentle-gym-slim-fit-leggings-560-8518636,Nyamba 900 Shaping Cotton Gym Leggings,Domyos,4.4,20.0,Purple Gray,Vêtements,Bas,Fitness
https://decathlon-usa.myshopify.com/products/fts120-cardio-fitness-t-shirt-300757?adept-product=fts120-cardio-fitness-t-shirt-300757,Domyos FTS120 Cardio Fitness T-Shirt Men's,Domyos,4.5,10.0,Dark Gray,Vêtements,T-shirt,Fitness
https://decathlon-usa.myshopify.com/products/s500-breathable-synthetic-short-sleeved-gym-t-shirt-312078?adept-product=s500-breathable-synthetic-short-sleeved-gym-t-shirt-312078,Domyos S500 Breathable Synthetic Short-Sleeved Gym T-Shirt Kids',Domyos,4.7,5.0,Whale Gray,Vêtements,T-shirt,Fitness
https://decathlon-usa.myshopify.com/products/forclaz-long-sleeve-undyed-merino-wool-t-shirt-mt500-329424?adept-product=forclaz-long-sleeve-undyed-merino-wool-t-shirt-mt500-329424,Men's Long-sleeve Undyed Merino Wool T-shirt - MT500,Forclaz,4.4,50.0,Iced Coffee,Vêtements,T-shirt,Autres
https://decathlon-usa.myshopify.com/products/mens-mountain-trekking-jacket-trek-700?adept-product=mens-mountain-trekking-jacket-trek-700,"Quechua Trek 500, Waterproof Hiking Jacket, Men's",Forclaz,4.1,100.0,Slate Blue,Vêtements,Veste,Randonnée
https://decathlon-usa.myshopify.com/products/fitness-cardio-training-leggings-fleg-500-306458?adept-product=fitness-cardio-training-leggings-fleg-500-306458,Breathable Fitness Leggings Men's,Domyos,4.4,24.99,Black,Vêtements,Bas,Fitness
https://decathlon-usa.myshopify.com/products/170-x-62-x-8-cm-toning-mat-520-coloured-312507?adept-product=170-x-62-x-8-cm-toning-mat-520-coloured-312507,"Domyos 520 Thick Yoga Exercise Mat 67"" x 24"" x 8mm",Domyos,4.6,35.0,Blush Pink,Non déterminée,Non déterminée,Autres
https://decathlon-usa.myshopify.com/products/breathable-curved-hem-workout-t-shirt-womens-330070?adept-product=breathable-curved-hem-workout-t-shirt-womens-330070,Breathable Curved Hem Workout T-Shirt Women's,Domyos,4.2,12.99,Dark Blue,Vêtements,T-shirt,Autres
https://decathlon-usa.myshopify.com/products/mens-mountain-backpacking-long-sleeved-t-shirt-merino-trek-900?adept-product=mens-mountain-backpacking-long-sleeved-t-shirt-merino-trek-900,"Forclaz Trek 900, Long Sleeved Merino Wool Hiking T-Shirt, Men's",Forclaz,4.5,40.0,Brown,Vêtements,T-shirt,Randonnée
https://decathlon-usa.myshopify.com/products/se100-easy-basketball-shoes-303604?adept-product=se100-easy-basketball-shoes-303604,SE100 Easy Basketball Shoes ',Tarmak,4.6,14.99,Black,Chaussures,Chaussures de sport,Autres
https://decathlon-usa.myshopify.com/products/warm-gym-hoodie-303896?adept-product=warm-gym-hoodie-303896,Warm Gym Hoodie ',Domyos,4.5,5.0,Black,Vêtements,Veste,Fitness
https://decathlon-usa.myshopify.com/products/womens-long-sleeved-zip-shirt-run-dry?adept-product=womens-long-sleeved-zip-shirt-run-dry,Women's Long-Sleeved Zip Shirt Run Dry,Kalenji,4.7,16.99,Pink,Vêtements,T-shirt,Autres
https://decathlon-usa.myshopify.com/products/btwin-uc100-high-visibility-and-waterproof-city-bike-rain-jacket-womens-309395?adept-product=btwin-uc100-high-visibility-and-waterproof-city-bike-rain-jacket-womens-309395,Btwin UC100 High Visibility and Waterproof City Bike Rain Jacket Women's,Btwin,4.5,49.99,Fluoresent Yellow Green,Vêtements,Veste,Autres
https://decathlon-usa.myshopify.com/products/100-girls-warm-hooded-gym-jacket-mid-grey-black-hood-305049?adept-product=100-girls-warm-hooded-gym-jacket-mid-grey-black-hood-305049,100 Girls' Warm Hooded Gym Jacket - Mid Grey/Black Hood,Domyos,4.7,10.0,Pewter,Vêtements,Veste,Fitness
https://decathlon-usa.myshopify.com/products/mens-skiing-2nd-layer-900?adept-product=mens-skiing-2nd-layer-900,Men's Skiing 2nd Layer 900,Wedze,4.5,69.99,Black,Non déterminée,Non déterminée,Ski
https://decathlon-usa.myshopify.com/products/womens-ski-down-liner-jacket-900?adept-product=womens-ski-down-liner-jacket-900,"Skiing 2nd Layer, Women's",Wedze,4.1,50.0,Snowy White,Non déterminée,Non déterminée,Ski
https://decathlon-usa.myshopify.com/products/trail-running-cropped-pants-164434?adept-product=trail-running-cropped-pants-164434,Women's Trail Running Cropped Pants,Decathlon,4.5,20.0,Gray,Vêtements,Bas,Course à pied
https://decathlon-usa.myshopify.com/products/500-zip-up-jacket-310547?adept-product=500-zip-up-jacket-310547,Nyamba 500 Zip-Up Jacket Women's,Decathlon,4.5,20.0,Navy Blue,Vêtements,Veste,Autres
https://decathlon-usa.myshopify.com/products/kids-hiking-sunglasses-ages-7-9-category-3-mh-t-120?adept-product=kids-hiking-sunglasses-ages-7-9-category-3-mh-t-120,"Quechua MH T100, Category 3 Hiking Sunglasses, Kids'",Quechua,4.6,9.99,Deep Magenta,Accessoires,Divers,Randonnée
https://decathlon-usa.myshopify.com/products/cycling-short-sleeved-jersey-900?adept-product=cycling-short-sleeved-jersey-900,Men's Cycling Short-Sleeve Jersey 900,Btwin,4.5,49.99,Neon Lemon Lime,Vêtements,T-shirt,Cyclisme
https://decathlon-usa.myshopify.com/products/run-dry-running-pants-165443?adept-product=run-dry-running-pants-165443,Run Dry Running Pants,Kalenji,4.5,24.99,Black,Vêtements,Bas,Course à pied
https://decathlon-usa.myshopify.com/products/quechua-forclaz-trek-100-fleece-hiking-tights-15939?adept-product=quechua-forclaz-trek-100-fleece-hiking-tights-15939,Quechua Forclaz Trek 100 Fleece Hiking Tights,Quechua,4.5,10.0,Black,Vêtements,T-shirt,Randonnée
https://decathlon-usa.myshopify.com/products/womens-hiking-long-sleeve-t-shirt-techwool-155?adept-product=womens-hiking-long-sleeve-t-shirt-techwool-155,"Forclaz Travel 100, Merino Hiking T-Shirt, Women's",Forclaz,4.6,29.99,Black,Vêtements,T-shirt,Randonnée
https://decathlon-usa.myshopify.com/products/900-leather-horseback-riding-gloves-304394?adept-product=900-leather-horseback-riding-gloves-304394,Fouganza 900 Leather Horseback Riding Gloves Women's,Fouganza,4.2,24.99,Black,Accessoires,Divers,Equitation
https://decathlon-usa.myshopify.com/products/domyos-fde100-fitness-cardio-training-tank-top-mens-323868?adept-product=domyos-fde100-fitness-cardio-training-tank-top-mens-323868,"Domyos FDE100, Fitness Cardio Training Tank Top, Men's",Domyos,4.6,6.99,Snowy White,Vêtements,T-shirt,Fitness
https://decathlon-usa.myshopify.com/products/fitness-cardio-training-t-shirt-fts-500?adept-product=fitness-cardio-training-t-shirt-fts-500,FTS 500 Cardio Workout T-Shirt,Domyos,4.5,15.0,Brick Red,Vêtements,T-shirt,Autres
https://decathlon-usa.myshopify.com/products/fts-120-fitted-fitness-t-shirt-306599?adept-product=fts-120-fitted-fitness-t-shirt-306599,Domyos FTS 120 Fitted Fitness T-Shirt,Domyos,4.7,10.0,Asphalt Blue,Vêtements,T-shirt,Fitness
https://decathlon-usa.myshopify.com/products/nyamba-non-slip-pilates-ballet-sport-socks-306655?adept-product=nyamba-non-slip-pilates-ballet-sport-socks-306655,Nyamba Non-Slip Pilates Ballet Sport Socks,Domyos,4.5,5.0,Gray,Accessoires,Divers,Autres
https://decathlon-usa.myshopify.com/products/fitness-cardio-training-tank-top-fta-500-308334?adept-product=fitness-cardio-training-tank-top-fta-500-308334,"Domyos 500, Fitness Cardio Training Tank Top, Men's",Domyos,4.6,12.99,Black,Vêtements,T-shirt,Fitness
https://decathlon-usa.myshopify.com/products/cycling-socks-roadr-900?adept-product=cycling-socks-roadr-900,"Van Rysel 900, Sport Red Cycling Socks, Adult",Decathlon,4.5,5.0,Black,Accessoires,Divers,Cyclisme
https://decathlon-usa.myshopify.com/products/fitness-cardio-training-t-shirt-fts-920?adept-product=fitness-cardio-training-t-shirt-fts-920,"Domyos FTS920, Cardio Workout T-Shirt, Men's",Domyos,4.5,15.0,Charcoal Gray,Vêtements,T-shirt,Autres
https://decathlon-usa.myshopify.com/products/fitness-training-sweatshirt-mens-330172?adept-product=fitness-training-sweatshirt-mens-330172,"Breathable Athletic Hoodie Sweatshirt, Men’s",Domyos,4.7,19.99,Desert Rose,Vêtements,T-shirt,Autres
https://decathlon-usa.myshopify.com/products/womens-workout-sweatshirt-500-310538?adept-product=womens-workout-sweatshirt-500-310538,"500, Fitness Hoodie, Women's",Domyos,4.7,25.0,Gray,Vêtements,Veste,Fitness
https://decathlon-usa.myshopify.com/products/120-fitness-cardio-training-t-shirt-310009?adept-product=120-fitness-cardio-training-t-shirt-310009,Domyos 120 Fitness Cardio Training T-Shirt Women's,Domyos,4.7,10.0,Asphalt Blue,Vêtements,T-shirt,Fitness
https://decathlon-usa.myshopify.com/products/forclaz-cotton-flannel-hiking-shirt-177093?adept-product=forclaz-cotton-flannel-hiking-shirt-177093,Forclaz  Cotton Flannel Hiking Shirt,Forclaz,4.6,25.0,Asphalt Blue,Vêtements,T-shirt,Randonnée
https://decathlon-usa.myshopify.com/products/womens-fitness-cardio-training-t-shirt-120-310009?adept-product=womens-fitness-cardio-training-t-shirt-120-310009,"Domyos 120, Fitness Cardio Training T-Shirt, Women's",Domyos,4.7,10.0,Gray,Vêtements,T-shirt,Fitness
https://decathlon-usa.myshopify.com/products/baby-gym-leggings-120-303766?adept-product=baby-gym-leggings-120-303766,Baby Gym Leggings 120,Domyos,4.7,5.0,Light Gray,Vêtements,Bas,Fitness
https://decathlon-usa.myshopify.com/products/domyos-500-fitness-training-shorts-mens-327494?adept-product=domyos-500-fitness-training-shorts-mens-327494,"Domyos 500, Fitness Training Shorts, Men's",Domyos,4.7,10.0,Black,Vêtements,Bas,Fitness
https://decathlon-usa.myshopify.com/products/mens-cardio-fitness-shorts-fst-120-ss19?adept-product=mens-cardio-fitness-shorts-fst-120-ss19,"Domyos FTS120, Cardio Workout Shorts, Men's",Domyos,4.5,7.0,Black,Vêtements,Bas,Autres
https://decathlon-usa.myshopify.com/products/womens-cardio-fitness-long-breathable-tank-top-energy-xtreme?adept-product=womens-cardio-fitness-long-breathable-tank-top-energy-xtreme,Women's Cardio Fitness Long Breathable Tank Top Energy Xtreme,Domyos,4.6,10.0,Black,Vêtements,T-shirt,Fitness
https://decathlon-usa.myshopify.com/products/domyos-fts-120-fitted-fitness-t-shirt-306599?adept-product=domyos-fts-120-fitted-fitness-t-shirt-306599,"Domyos FTS 120, Fitted Fitness T-Shirt",Domyos,4.7,10.0,Neon Coral Pink,Vêtements,T-shirt,Fitness
https://decathlon-usa.myshopify.com/products/mens-cardio-fitness-t-shirt-fts-100-ss19?adept-product=mens-cardio-fitness-t-shirt-fts-100-ss19,"Domyos FTS 100, Cardio Workout T-Shirt, Men's",Domyos,4.5,5.0,Midnight Blue,Vêtements,T-shirt,Autres
https://decathlon-usa.myshopify.com/products/women-my-top-fitness-tank-top?adept-product=women-my-top-fitness-tank-top,Women's Cardio Fitness Tank Top 100,Domyos,4.7,4.0,Neon Rose Pink,Vêtements,T-shirt,Fitness
https://decathlon-usa.myshopify.com/products/domyos-cross-training-t-shirt-mens-326031?adept-product=domyos-cross-training-t-shirt-mens-326031,"Domyos Cross-Training T-Shirt, Men's",Domyos,4.6,12.99,Sage,Vêtements,T-shirt,Autres
https://decathlon-usa.myshopify.com/products/mens-cross-training-t-shirt-h-ss19?adept-product=mens-cross-training-t-shirt-h-ss19,"Domyos, Cross-Training T-Shirt, Men's",Domyos,4.6,10.0,Black,Vêtements,T-shirt,Autres
https://decathlon-usa.myshopify.com/products/men-hiking-short-sleeved-shirt-arpenaz-100?adept-product=men-hiking-short-sleeved-shirt-arpenaz-100,Men's Hiking Short-Sleeved Shirt Arpenaz 100,Quechua,4.5,10.0,Gray,Vêtements,T-shirt,Randonnée
https://decathlon-usa.myshopify.com/products/womens-pilates-and-gentle-gym-shorts-520-ss19-eol?adept-product=womens-pilates-and-gentle-gym-shorts-520-ss19-eol,Women's Gentle Gym and Pilates Shorts 520,Decathlon,4.6,10.0,Gray,Vêtements,Bas,Fitness
https://decathlon-usa.myshopify.com/products/nyamba-500-stretchy-slim-fit-cotton-fitness-t-shirt-womens-323744?adept-product=nyamba-500-stretchy-slim-fit-cotton-fitness-t-shirt-womens-323744,"Nyamba 500, Stretchy Slim-Fit Cotton Fitness T-Shirt, Women's",Decathlon,4.6,8.0,Black,Vêtements,T-shirt,Fitness
https://decathlon-usa.myshopify.com/products/keepdry-500-soccer-neck-gaiter-scarf-189075?adept-product=keepdry-500-soccer-neck-gaiter-scarf-189075,Keepdry 500 Soccer Neck Gaiter Scarf,Kipsta,4.6,4.99,Black,Accessoires,Divers,Autres
https://decathlon-usa.myshopify.com/products/long-seamless-yoga-leggings-308845?adept-product=long-seamless-yoga-leggings-308845,Kimjaly Long Seamless Yoga Leggings Women's,Decathlon,4.6,30.0,Charcoal,Vêtements,Bas,Autres
https://decathlon-usa.myshopify.com/products/womens-fitness-cardio-training-leggings-120-eol?adept-product=womens-fitness-cardio-training-leggings-120-eol,Women's Cardio Workout Leggings 120,Domyos,4.6,15.0,Green,Vêtements,Bas,Autres
https://decathlon-usa.myshopify.com/products/500-fit-cotton-fitness-leggings-womens-330052?adept-product=500-fit-cotton-fitness-leggings-womens-330052,"500 Fit+, Cotton Fitness Leggings, Women's",Decathlon,4.6,10.0,Bordeaux,Vêtements,Bas,Fitness
https://decathlon-usa.myshopify.com/products/womens-hooded-training-jacket-500-306727?adept-product=womens-hooded-training-jacket-500-306727,"Nyamba 500, Fitness Hoodie, Women's",Decathlon,4.5,15.0,Storm Blue,Vêtements,Veste,Fitness
https://decathlon-usa.myshopify.com/products/mens-pilates-non-slip-sport-socks-310614?adept-product=mens-pilates-non-slip-sport-socks-310614,Nyamba Pilates Non-Slip Sport Socks,Decathlon,4.5,5.0,Black,Accessoires,Divers,Autres
https://decathlon-usa.myshopify.com/products/nyamba-520-regular-fit-organic-cotton-fitness-shorts-with-pockets-329921?adept-product=nyamba-520-regular-fit-organic-cotton-fitness-shorts-with-pockets-329921,"Nyamba 520, Regular-Fit Organic Cotton Fitness Shorts with Pockets",Decathlon,4.6,10.0,Pink,Vêtements,Bas,Fitness
https://decathlon-usa.myshopify.com/products/cardio-fitness-training-shorts-fst-500-302876?adept-product=cardio-fitness-training-shorts-fst-500-302876,"Domyos FST 500, Mens Fitness Cardio Training Shorts",Domyos,4.6,19.99,Black,Vêtements,Bas,Fitness
https://decathlon-usa.myshopify.com/products/hiking-headband-multi-position-500?adept-product=hiking-headband-multi-position-500,"Forclaz Trek 100, Multiposition Hiking Neck Gaiter Scarf",Forclaz,4.6,4.99,Carbon Gray,Accessoires,Divers,Randonnée
https://decathlon-usa.myshopify.com/products/womens-cross-training-tank-top?adept-product=womens-cross-training-tank-top,"Domyos Cross Training Tank Top, Women's",Domyos,4.6,9.0,Snowy White,Vêtements,T-shirt,Autres
https://decathlon-usa.myshopify.com/products/fleece-yoga-sweatshirt-186591?adept-product=fleece-yoga-sweatshirt-186591,Fleece Yoga Sweatshirt,Decathlon,4.6,20.0,Dark Petrol Blue,Vêtements,T-shirt,Autres
https://decathlon-usa.myshopify.com/products/mens-cross-training-shorts-900-ss19?adept-product=mens-cross-training-shorts-900-ss19,Cross-Training Shorts 900,Domyos,4.3,25.0,Black,Vêtements,Bas,Autres
https://decathlon-usa.myshopify.com/products/winter-cycling-socks-500?adept-product=winter-cycling-socks-500,"Van Rysel 500, Winter Cycling Socks",Decathlon,4.5,5.0,Black,Accessoires,Divers,Cyclisme
https://decathlon-usa.myshopify.com/products/510-cropped-slim-fit-gentle-gym-and-pilates-leggings-310967?adept-product=510-cropped-slim-fit-gentle-gym-and-pilates-leggings-310967,510 Cropped Slim-Fit Gentle Gym and Pilates Leggings,Decathlon,4.6,10.0,Gray,Vêtements,Bas,Fitness
https://decathlon-usa.myshopify.com/products/womens-cross-training-tank-top-183473?adept-product=womens-cross-training-tank-top-183473,"Domyos Cross Training Tank Top, Women's",Domyos,4.6,15.99,Bordeaux,Vêtements,T-shirt,Autres
https://decathlon-usa.myshopify.com/products/weight-training-compression-t-shirt-311458?adept-product=weight-training-compression-t-shirt-311458,"Domyos, Compression Workout T-Shirt, Men's",Domyos,4.6,10.0,Midnight Indigo,Vêtements,T-shirt,Autres
https://decathlon-usa.myshopify.com/products/womens-fitness-cardio-training-sports-bra-120-311244?adept-product=womens-fitness-cardio-training-sports-bra-120-311244,"Domyos 120, Fitness Cardio Training Sports Bra, Women's",Domyos,4.4,10.0,Black,Accessoires,Divers,Fitness
https://decathlon-usa.myshopify.com/products/womens-cross-training-leggings-182792?adept-product=womens-cross-training-leggings-182792,"Domyos 900, Seamless Cross Training Leggings, Women's",Domyos,4.5,15.0,Bordeaux,Vêtements,Bas,Autres
https://decathlon-usa.myshopify.com/products/domyos-500-fitness-cardio-training-t-shirt-womens-306578?adept-product=domyos-500-fitness-cardio-training-t-shirt-womens-306578,Domyos 500 Cardio Fitness T-Shirt Women's,Domyos,4.6,10.0,Midnight Blue,Vêtements,T-shirt,Fitness
https://decathlon-usa.myshopify.com/products/weight-training-tank-top-stringer-304069?adept-product=weight-training-tank-top-stringer-304069,"Domyos, Weight Training Stringer Tank Top, Men's",Domyos,4.7,10.0,Black,Vêtements,T-shirt,Autres
https://decathlon-usa.myshopify.com/products/140-grippy-patch-horseback-riding-breeches-164451?adept-product=140-grippy-patch-horseback-riding-breeches-164451,140 Grippy Patch Horseback Riding Breeches,Fouganza,4.5,34.99,Black,Non déterminée,Non déterminée,Equitation
https://decathlon-usa.myshopify.com/products/ventilated-weight-training-gloves-womens-326446?adept-product=ventilated-weight-training-gloves-womens-326446,"Ventilated Weight Training Gloves, Women's",Domyos,4.4,20.99,Carbon Gray,Accessoires,Divers,Autres
https://decathlon-usa.myshopify.com/products/domyos-cotton-yoga-leggings-308792?adept-product=domyos-cotton-yoga-leggings-308792,Domyos Cotton Yoga Leggings Women's,Decathlon,4.5,22.99,Black,Vêtements,Bas,Autres
https://decathlon-usa.myshopify.com/products/domyos-folding-cardio-training-fitness-bag-15l-324637?adept-product=domyos-folding-cardio-training-fitness-bag-15l-324637,"Domyos, Folding Cardio Training Fitness Bag, 15L",Domyos,4.6,9.99,Aqua,Non déterminée,Non déterminée,Fitness
https://decathlon-usa.myshopify.com/products/essentials-soft-cotton-fitness-hoodie-womens-333059?adept-product=essentials-soft-cotton-fitness-hoodie-womens-333059,"Essentials Collection, Soft Cotton Fitness Hoodie, Women’s",Domyos,4.7,24.99,Sepia,Vêtements,Veste,Fitness
https://decathlon-usa.myshopify.com/products/padded-high-impact-sports-bra-323753?adept-product=padded-high-impact-sports-bra-323753,"900, High Support Fitness Bra",Domyos,4.5,29.99,Snowy White,Accessoires,Divers,Fitness
https://decathlon-usa.myshopify.com/products/alpinism-light-softshell-mountaineering-jacket-133067?adept-product=alpinism-light-softshell-mountaineering-jacket-133067,Alpinism Light Softshell Mountaineering Jacket,Simond,4.6,50.0,Whale Gray,Vêtements,Veste,Randonnée
https://decathlon-usa.myshopify.com/products/baby-gym-shorts-500-303687?adept-product=baby-gym-shorts-500-303687,Baby Gym Shorts 500,Domyos,4.2,4.0,Grey Blue,Vêtements,Bas,Fitness
https://decathlon-usa.myshopify.com/products/t100-waterproof-soccer-jacket-adult-196555?adept-product=t100-waterproof-soccer-jacket-adult-196555,T100 Waterproof Soccer Jacket Adult,Kipsta,4.5,20.0,Black,Vêtements,Veste,Autres
https://decathlon-usa.myshopify.com/products/domyos-900-cardio-fitness-training-sports-bra-323753?adept-product=domyos-900-cardio-fitness-training-sports-bra-323753,"Domyos 900 Print, High-Support Cardio Training Sports Bra",Domyos,4.5,20.0,Black,Accessoires,Divers,Autres
https://decathlon-usa.myshopify.com/products/domyos-fitness-hoodie-with-kangaroo-pocket-mens-328178?adept-product=domyos-fitness-hoodie-with-kangaroo-pocket-mens-328178,"100, Fitness Hoodie with Kangaroo Pouch",Domyos,4.6,15.0,Carbon Gray,Vêtements,Veste,Fitness
https://decathlon-usa.myshopify.com/products/f100-soccer-shirt-172594?adept-product=f100-soccer-shirt-172594,F100 Soccer Shirt ',Kipsta,4.6,3.0,Snow White,Vêtements,T-shirt,Autres
https://decathlon-usa.myshopify.com/products/rainproof-football-jacket-t500-black-311797?adept-product=rainproof-football-jacket-t500-black-311797,Rainproof Football Jacket T500 - Black,Kipsta,4.7,10.0,Black,Vêtements,Veste,Autres
https://decathlon-usa.myshopify.com/products/soft-loose-fit-fitness-sweatshirt-womens-333215?adept-product=soft-loose-fit-fitness-sweatshirt-womens-333215,"Soft Loose Fit Fitness Sweatshirt, Women’s",Domyos,4.6,19.99,261,Vêtements,T-shirt,Fitness
https://decathlon-usa.myshopify.com/products/cardio-fitness-bag-30-l?adept-product=cardio-fitness-bag-30-l,Cardio Fitness Bag 30 L,Domyos,4.7,20.0,Khaki,Non déterminée,Non déterminée,Fitness
https://decathlon-usa.myshopify.com/products/cotton-gym-shorts-mens-327730?adept-product=cotton-gym-shorts-mens-327730,"Cotton Gym Shorts, Men’s",Domyos,4.6,9.99,Black,Vêtements,Bas,Fitness
https://decathlon-usa.myshopify.com/products/fitness-fold-down-shoe-bag-black?adept-product=fitness-fold-down-shoe-bag-black,"Domyos, Fitness Fold-Down Shoe Bag",Domyos,4.7,2.0,Black,Non déterminée,Non déterminée,Fitness
https://decathlon-usa.myshopify.com/products/womens-fitness-cardio-training-t-shirt-500?adept-product=womens-fitness-cardio-training-t-shirt-500,"Domyos 500, Fitness Cardio Training T-Shirt, Women's",Domyos,4.6,10.0,Black,Vêtements,T-shirt,Fitness
https://decathlon-usa.myshopify.com/products/fitness-cardio-training-fold-down-bag-30-l?adept-product=fitness-cardio-training-fold-down-bag-30-l,"Domyos, 30 L Fold-Down Fitness Bag",Domyos,4.6,12.99,Neon Coral Pink,Non déterminée,Non déterminée,Fitness
https://decathlon-usa.myshopify.com/products/fitness-bag-30-l-311631?adept-product=fitness-bag-30-l-311631,Domyos 30 L Fitness Bag,Domyos,4.6,30.0,Black Camo,Non déterminée,Non déterminée,Fitness
https://decathlon-usa.myshopify.com/products/girls-and-boys-baby-gym-bottoms-500-310677?adept-product=girls-and-boys-baby-gym-bottoms-500-310677,Girls' and Boys' Baby Gym Bottoms 500,Domyos,4.7,16.99,Navy Blue,Non déterminée,Non déterminée,Fitness
https://decathlon-usa.myshopify.com/products/girls-and-boys-baby-gym-jacket-500-310689?adept-product=girls-and-boys-baby-gym-jacket-500-310689,Girls' and Boys' Baby Gym Jacket 500,Domyos,4.8,16.99,Grey Blue,Vêtements,Veste,Fitness
https://decathlon-usa.myshopify.com/products/girls-and-boys-baby-gym-sweatshirt-100-310687?adept-product=girls-and-boys-baby-gym-sweatshirt-100-310687,"Domyos 100, Gym Sweatshirt, Babies'",Domyos,4.7,5.0,Navy Blue,Vêtements,T-shirt,Fitness
https://decathlon-usa.myshopify.com/products/t100-soccer-training-pants-311815?adept-product=t100-soccer-training-pants-311815,T100 Soccer Training Pants ',Kipsta,4.6,7.0,Black,Vêtements,Bas,Autres
https://decathlon-usa.myshopify.com/products/cardio-fitness-cotton-towel-black?adept-product=cardio-fitness-cotton-towel-black,Domyos Small Cotton Fitness Towel,Domyos,4.6,6.99,Blush Pink,Non déterminée,Non déterminée,Fitness
https://decathlon-usa.myshopify.com/products/cross-training-wrist-wraps-312182?adept-product=cross-training-wrist-wraps-312182,Domyos Cross-Training Wrist Wraps,Domyos,4.2,10.0,Black,Non déterminée,Non déterminée,Autres
https://decathlon-usa.myshopify.com/products/mens-mountain-backpacking-shorts-trek-500?adept-product=mens-mountain-backpacking-shorts-trek-500,"Forclaz Trek 500, Hiking Shorts, Men's",Forclaz,4.7,25.0,Carbon Gray,Vêtements,Bas,Randonnée
https://decathlon-usa.myshopify.com/products/domyos-compact-cardio-training-fitness-barrel-bag-15l-324635?adept-product=domyos-compact-cardio-training-fitness-barrel-bag-15l-324635,Domyos 15 L Compact Cardio Training Fitness Barrel Bag,Domyos,4.7,5.0,Black,Non déterminée,Non déterminée,Fitness
https://decathlon-usa.myshopify.com/products/f100-soccer-shorts-108308?adept-product=f100-soccer-shorts-108308,F100 Soccer Shorts ',Kipsta,4.6,3.0,Bright Indigo,Vêtements,Bas,Autres
https://decathlon-usa.myshopify.com/products/large-exercise-equipment-mat-exercise-bike-mat-334184?adept-product=large-exercise-equipment-mat-exercise-bike-mat-334184,"Large Exercise Equipment Mat, 40"" x 80""",Domyos,4.7,69.99,Black,Non déterminée,Non déterminée,Autres
https://decathlon-usa.myshopify.com/products/boys-gym-tracksuit-warm-breathable-synthetic-gymy-s500-ss19?adept-product=boys-gym-tracksuit-warm-breathable-synthetic-gymy-s500-ss19,"2-Piece Tracksuit, Boys'",Domyos,4.5,5.0,Cobalt Blue,Non déterminée,Non déterminée,Autres
https://decathlon-usa.myshopify.com/products/domyos-w500-breathable-gym-shorts-boys-303749?adept-product=domyos-w500-breathable-gym-shorts-boys-303749,"Domyos W500, Breathable Gym Shorts, Boys'",Domyos,4.7,12.99,Navy Blue,Vêtements,Bas,Fitness
https://decathlon-usa.myshopify.com/products/girls-and-boys-baby-gym-t-shirt-500-310707?adept-product=girls-and-boys-baby-gym-t-shirt-500-310707,Girls' and Boys' Baby Gym T-Shirt 500,Domyos,4.6,4.0,Grey Blue,Vêtements,T-shirt,Fitness
https://decathlon-usa.myshopify.com/products/girls-gym-cap-w500-ss19?adept-product=girls-gym-cap-w500-ss19,Girls' Gym Cap W500,Domyos,4.5,4.0,Desert Rose,Vêtements,Veste,Fitness
https://decathlon-usa.myshopify.com/products/moisture-wicking-mesh-back-fitness-tank-top-womens-324167?adept-product=moisture-wicking-mesh-back-fitness-tank-top-womens-324167,"Moisture Wicking Mesh Back Fitness Tank Top, Women’s",Domyos,4.4,10.0,Dark Mulberry,Vêtements,T-shirt,Fitness
https://decathlon-usa.myshopify.com/products/capri-workout-leggings-with-phone-pocket-womens-330215?adept-product=capri-workout-leggings-with-phone-pocket-womens-330215,Short Fitness Leggings with Phone Pocket,Domyos,4.6,16.99,Dark Blue,Vêtements,Bas,Fitness
https://decathlon-usa.myshopify.com/products/i-learn-500-shoes-160133?adept-product=i-learn-500-shoes-160133,I Learn 500 Shoes,Domyos,4.6,10.0,Navy Blue,Chaussures,Chaussures de sport,Autres
https://decathlon-usa.myshopify.com/products/jammer-swimsuit-4-mm-glideskin-500-neoprene-159031?adept-product=jammer-swimsuit-4-mm-glideskin-500-neoprene-159031,Jammer Swimsuit 4 mm Glideskin 500 Neoprene,Nabaiji,4.5,15.0,Black,Non déterminée,Non déterminée,Ski
https://decathlon-usa.myshopify.com/products/long-seamless-power-yoga-sports-bra-308600?adept-product=long-seamless-power-yoga-sports-bra-308600,Long Seamless Power Yoga Sports Bra,Decathlon,4.5,15.0,Black,Accessoires,Divers,Autres
https://decathlon-usa.myshopify.com/products/breathable-bootee-580-babylight-navy-black-coral-304189?adept-product=breathable-bootee-580-babylight-navy-black-coral-304189,"Domyos Babylight 580, Breathable Baby Booties",Domyos,4.6,10.0,Light Pink,Non déterminée,Non déterminée,Autres
https://decathlon-usa.myshopify.com/products/mountain-backpacking-ventilated-and-ultra-compact-cap-trek-500-302974?adept-product=mountain-backpacking-ventilated-and-ultra-compact-cap-trek-500-302974,"Forclaz Trek 500, Ultra-Compact Ventilated Hiking Cap",Forclaz,4.6,10.0,Dark Ivy Green,Vêtements,Veste,Randonnée
https://decathlon-usa.myshopify.com/products/womens-yoga-relaxation-sweatshirt?adept-product=womens-yoga-relaxation-sweatshirt,"Fleece Relaxation Yoga Sweatshirt, Women's",Decathlon,4.7,25.0,Desert Rose,Vêtements,T-shirt,Autres
https://decathlon-usa.myshopify.com/products/boys-gym-cap-w500-ss19?adept-product=boys-gym-cap-w500-ss19,Boys' Gym Cap W500,Domyos,4.4,4.0,Navy Blue,Vêtements,Veste,Fitness
https://decathlon-usa.myshopify.com/products/girls-ballet-skirt-voile-178932?adept-product=girls-ballet-skirt-voile-178932,Girls' Ballet Skirt Voile,Decathlon,4.7,5.0,Cotton Candy,Non déterminée,Non déterminée,Ski
https://decathlon-usa.myshopify.com/products/kids-gym-mat-500-ss19?adept-product=kids-gym-mat-500-ss19,Kids' Interlocking Gym Mat Tiles,Domyos,4.3,2.0,Blue,Non déterminée,Non déterminée,Fitness
https://decathlon-usa.myshopify.com/products/baby-gym-shoes-light-500-ss19?adept-product=baby-gym-shoes-light-500-ss19,Gym Shoes Babylight 500,Domyos,4.6,5.0,Magenta,Chaussures,Chaussures de sport,Fitness
https://decathlon-usa.myshopify.com/products/domyos-s500-warm-breathable-synthetic-gym-tracksuit-girls?adept-product=domyos-s500-warm-breathable-synthetic-gym-tracksuit-girls,"Domyos S500, Warm Breathable Synthetic Gym Tracksuit, Girls'",Domyos,4.7,20.0,Pale Gray,Non déterminée,Non déterminée,Fitness
https://decathlon-usa.myshopify.com/products/domyos-short-sleeved-ballet-leotard-girls-170397?adept-product=domyos-short-sleeved-ballet-leotard-girls-170397,Domyos Short-Sleeved Ballet Leotard Girls',Decathlon,4.5,7.0,Cotton Candy,Vêtements,T-shirt,Autres
https://decathlon-usa.myshopify.com/products/quechua-nh500-flap-waterproof-hiking-jacket-302492?adept-product=quechua-nh500-flap-waterproof-hiking-jacket-302492,Quechua NH500 Flap Waterproof Hiking Jacket,Quechua,4.6,30.0,Asphalt Blue,Vêtements,Veste,Randonnée
https://decathlon-usa.myshopify.com/products/seamless-power-yoga-tank-top-181533?adept-product=seamless-power-yoga-tank-top-181533,Seamless Power Yoga Tank Top,Decathlon,4.6,15.0,Light Lemon,Vêtements,T-shirt,Autres
https://decathlon-usa.myshopify.com/products/high-waisted-shaping-fitness-leggings-womens-306496?adept-product=high-waisted-shaping-fitness-leggings-womens-306496,"FTI500A, High-Waisted Shaping Fitness Leggings, Women's",Domyos,4.4,15.0,Red,Vêtements,Bas,Fitness
https://decathlon-usa.myshopify.com/products/i-move-550-shoes-150325?adept-product=i-move-550-shoes-150325,I Move 550 Shoes,Domyos,4.6,15.0,Navy Blue,Chaussures,Chaussures de sport,Autres
https://decathlon-usa.myshopify.com/products/boys-gym-shorts-100-ss19?adept-product=boys-gym-shorts-100-ss19,"100, Gym Shorts, Boys'",Domyos,4.6,3.0,Navy Blue,Vêtements,Bas,Fitness
https://decathlon-usa.myshopify.com/products/100-warm-loose-fit-gym-pants-boys-323629?adept-product=100-warm-loose-fit-gym-pants-boys-323629,"100, Basic Jogging Pants with Pockets, Kids'",Domyos,4.6,8.0,Black,Vêtements,Bas,Autres
https://decathlon-usa.myshopify.com/products/500-cardio-fitness-tank-top-306587?adept-product=500-cardio-fitness-tank-top-306587,500 Cardio Fitness Tank Top,Domyos,4.8,10.0,Green,Vêtements,T-shirt,Fitness
https://decathlon-usa.myshopify.com/products/girls-gym-cropped-bottoms-100-ss19?adept-product=girls-gym-cropped-bottoms-100-ss19,"Domyos 100, Cropped Gym Pants, Kids'",Domyos,4.7,5.0,Black,Vêtements,Bas,Fitness
https://decathlon-usa.myshopify.com/products/womens-cardio-fitness-training-tank-top-500?adept-product=womens-cardio-fitness-training-tank-top-500,"Domyos 500, Reversible Fitness Cardio Training Tank Top, Women's",Domyos,4.5,7.0,Pink,Vêtements,T-shirt,Fitness
https://decathlon-usa.myshopify.com/products/kids-hiking-sunglasses-aged-10-category-3-mh-t140-311966?adept-product=kids-hiking-sunglasses-aged-10-category-3-mh-t140-311966,"Quechua MH T140, Category 3 Hiking Sunglasses, Kids'",Quechua,4.7,14.99,Caribbean Blue,Accessoires,Divers,Randonnée
https://decathlon-usa.myshopify.com/products/mens-mountain-backpacking-hooded-down-jacket-trek-100?adept-product=mens-mountain-backpacking-hooded-down-jacket-trek-100,"Forclaz Trek 100, Men's Light Backpacking Synthetic Down Jacket with Hoodie",Forclaz,4.5,30.0,Black,Vêtements,Veste,Randonnée
https://decathlon-usa.myshopify.com/products/mens-pilates-and-gentle-gym-regular-fit-sport-tank-top-500-311101?adept-product=mens-pilates-and-gentle-gym-regular-fit-sport-tank-top-500-311101,Nyamba 500 Tank Top,Domyos,4.6,5.0,Snow White,Vêtements,T-shirt,Autres
https://decathlon-usa.myshopify.com/products/boys-gym-breathable-synthetic-short-sleeved-t-shirt-s500-312078?adept-product=boys-gym-breathable-synthetic-short-sleeved-t-shirt-s500-312078,"Domyos S500, Breathable Synthetic Short-Sleeved Gym T-Shirt, Kids'",Domyos,4.7,5.0,Putty,Vêtements,T-shirt,Fitness
https://decathlon-usa.myshopify.com/products/kids-hiking-sunglasses-2-4-years-old-category-4-mh-k-520?adept-product=kids-hiking-sunglasses-2-4-years-old-category-4-mh-k-520,"Quechua MH K120, Category 4 Hiking Sunglasses, Kids'",Quechua,4.6,10.0,Snowy White,Accessoires,Divers,Randonnée
https://decathlon-usa.myshopify.com/products/kids-hiking-sunglasses-3-5-years-category-3-mh-k100?adept-product=kids-hiking-sunglasses-3-5-years-category-3-mh-k100,"MH K100, Category 3 Hiking Sunglasses, Kids'",Quechua,4.6,8.0,Blush Pink,Accessoires,Divers,Randonnée
https://decathlon-usa.myshopify.com/products/womens-cardio-fitness-shoes-mid-120-ss19?adept-product=womens-cardio-fitness-shoes-mid-120-ss19,Women's Cardio Training Fitness Shoes Mid 120,Domyos,4.4,25.0,Black,Chaussures,Chaussures de sport,Fitness
https://decathlon-usa.myshopify.com/products/keepdry-100-long-sleeved-soccer-base-layer-top-198753?adept-product=keepdry-100-long-sleeved-soccer-base-layer-top-198753,Keepdry 100 Long-Sleeved Soccer Base Layer Top ',Kipsta,4.7,5.0,Bright Indigo,Vêtements,T-shirt,Autres
https://decathlon-usa.myshopify.com/products/adult-football-bottoms-essential-black-309989?adept-product=adult-football-bottoms-essential-black-309989,Adult Football Bottoms Essential - Black,Kipsta,4.6,15.0,Black,Non déterminée,Non déterminée,Autres
https://decathlon-usa.myshopify.com/products/boys-gym-tracksuit-warm-breathable-synthetic-s500-305029?adept-product=boys-gym-tracksuit-warm-breathable-synthetic-s500-305029,Boys' Gym Tracksuit Warm Breathable Synthetic S500,Domyos,4.5,15.0,Black,Non déterminée,Non déterminée,Fitness
